combo,variant,desc,n,wr,pf,ev,pnl,max_loss_streak,train_n,test_n,test_pf,test_ev,split_date
2H_M30_6H,2H_M30_6H__6h_bias5_13_55_signed_pos,6H Bias_5+13+55 signed > 0,286,32.16783216783217,2.0398915909826427,7.651031468531466,2188.1949999999993,14,200,86,2.1045326314564914,14.131441860465117,2025-10-09
2H_M30_6H,2H_M30_6H__stack_core,30M close同侧 + 2H Bias_13 signed > 0 + 6H Bias_55 signed top30%,243,33.744855967078195,1.969404490624368,8.457423868312759,2055.1540000000005,13,170,73,2.0904071289601998,15.546890410958904,2025-12-04
2H_M30_6H,2H_M30_6H__6h_bias5_13_signed_pos,6H Bias_5+13 signed > 0,362,30.662983425414364,1.780772808594463,6.01209944751381,2176.379999999999,12,253,109,1.6268954482990345,8.76377981651376,2025-10-28
2H_M30_6H,2H_M30_6H__6h_bias55_signed_top30,6H Bias_55 signed top30%,354,34.18079096045198,1.7716081545047693,6.726932203389833,2381.3340000000007,14,247,107,1.9017239503284689,12.392046728971966,2025-12-11
2H_M30_6H,2H_M30_6H__6h_bias5_signed_top30,6H Bias_5 signed top30%,359,31.197771587743734,1.7661696022786768,6.114033426183842,2194.937999999999,12,251,108,1.771197040265673,10.72747222222222,2025-10-31
2H_M30_6H,2H_M30_6H__6h_bias5_signed_pos,6H Bias_5 signed > 0,424,31.839622641509436,1.752658293079683,5.718143867924524,2424.492999999998,13,296,128,1.75094073045484,10.397554687500001,2025-10-09
2H_M30_6H,2H_M30_6H__all_dir_align,全组合方向同向,349,31.51862464183381,1.7139638387484055,5.4459197707736395,1900.6260000000002,11,244,105,1.5924785423776682,8.071780952380953,2025-10-14
2H_M30_6H,2H_M30_6H__2h_dir_align,2H 方向同向,461,30.585683297180044,1.6401779739613296,4.968117136659437,2290.3020000000006,16,322,139,1.6528143518435132,9.126086330935253,2025-10-14
2H_M30_6H,2H_M30_6H__30m_bias55_signed_top30,30M Bias_55 signed top30%,359,33.147632311977716,1.6363175899359965,6.424857938718663,2306.524,14,251,108,1.6408944988495229,11.56432407407408,2025-12-30
2H_M30_6H,2H_M30_6H__6h_close_side,6H close位于SMA13交易方向一侧,506,31.818181818181817,1.6201704145345288,5.012584980237153,2536.3679999999995,13,354,152,1.3769040634878327,5.618868421052633,2025-10-28
2H_M30_6H,2H_M30_6H__6h_bias13_signed_pos,6H Bias_13 signed > 0,506,31.818181818181817,1.6201704145345288,5.012584980237153,2536.3679999999995,13,354,152,1.3769040634878327,5.618868421052633,2025-10-28
2H_M30_6H,2H_M30_6H__2h_recent2_any,2H 最近2根至少1根同向_对照,470,30.21276595744681,1.5995261483733938,4.680234042553192,2199.71,16,329,141,1.6220653423912414,8.735390070921987,2025-10-14
2H_M30_6H,2H_M30_6H__2h_bias55_signed_pos,2H Bias_55 signed > 0,563,32.682060390763766,1.5925089633609784,4.817449378330371,2712.2239999999993,14,394,169,1.3944874126787437,5.862260355029584,2025-10-29
2H_M30_6H,2H_M30_6H__30m_bias55_signed_pos,30M Bias_55 signed > 0,729,32.23593964334705,1.583640879655838,4.747587105624142,3460.990999999999,12,510,219,1.5397548092513478,7.927132420091324,2025-10-22
2H_M30_6H,2H_M30_6H__30m_bias5_13_55_signed_pos,30M Bias_5+13+55 signed > 0,729,32.23593964334705,1.583640879655838,4.747587105624142,3460.990999999999,12,510,219,1.5397548092513478,7.927132420091324,2025-10-22
2H_M30_6H,2H_M30_6H__30m_bias5_signed_top30,30M Bias_5 signed top30%,360,37.5,1.5676115504071104,7.021372222222218,2527.6939999999986,13,251,109,1.3491241608269564,6.138880733944958,2026-02-10
2H_M30_6H,2H_M30_6H__2h_bias55_signed_top30,2H Bias_55 signed top30%,357,31.652661064425768,1.5671253118118154,5.1303585434173655,1831.5379999999996,15,249,108,1.4576728156585457,7.134305555555557,2025-11-28
2H_M30_6H,2H_M30_6H__2h_close_side,2H close位于SMA13交易方向一侧,560,32.142857142857146,1.56624699264776,4.507553571428573,2524.2300000000005,12,392,168,1.458377928682106,6.5592380952380935,2025-10-31
2H_M30_6H,2H_M30_6H__2h_bias13_signed_pos,2H Bias_13 signed > 0,560,32.142857142857146,1.56624699264776,4.507553571428573,2524.2300000000005,12,392,168,1.458377928682106,6.5592380952380935,2025-10-31
2H_M30_6H,2H_M30_6H__30m_bias13_signed_top30,30M Bias_13 signed top30%,360,37.5,1.5562505150428334,6.900052777777776,2484.0189999999993,13,251,109,1.4035205687954797,7.102110091743119,2026-02-06
2H_M30_6H,2H_M30_6H__6h_bias55_signed_pos,6H Bias_55 signed > 0,539,32.467532467532465,1.539614165809232,4.388224489795918,2365.2529999999997,15,377,162,1.4428266105451912,6.268240740740738,2025-10-22
2H_M30_6H,2H_M30_6H__6h_bias13_signed_top30,6H Bias_13 signed top30%,358,29.88826815642458,1.518580546500157,4.609220670391061,1650.101,17,250,108,1.374297746556621,5.83888888888889,2025-12-08
2H_M30_6H,2H_M30_6H__6h_dir_align,6H 方向同向,553,31.464737793851715,1.4819853904135503,3.8933001808318264,2152.995,13,387,166,1.253081646077611,3.74771686746988,2025-10-24
2H_M30_6H,2H_M30_6H__2h_bias5_13_55_signed_pos,2H Bias_5+13+55 signed > 0,341,31.964809384164223,1.4472644916717783,3.7997243401759535,1295.7060000000001,11,238,103,1.2695069354824713,4.221310679611651,2025-10-20
2H_M30_6H,2H_M30_6H__baseline,30M/2H/6H 覆盖期基线,1198,30.96828046744574,1.4317853355996142,3.382180300500834,4051.851999999999,14,838,360,1.3646977263524707,5.118875,2025-10-22
2H_M30_6H,2H_M30_6H__30m_dir_align,30M 方向同向,1198,30.96828046744574,1.4317853355996142,3.382180300500834,4051.851999999999,14,838,360,1.3646977263524707,5.118875,2025-10-22
2H_M30_6H,2H_M30_6H__30m_close_side,30M close位于SMA13交易方向一侧,1198,30.96828046744574,1.4317853355996142,3.382180300500834,4051.851999999999,14,838,360,1.3646977263524707,5.118875,2025-10-22
2H_M30_6H,2H_M30_6H__30m_recent2_any,30M 最近2根至少1根同向_对照,1198,30.96828046744574,1.4317853355996142,3.382180300500834,4051.851999999999,14,838,360,1.3646977263524707,5.118875,2025-10-22
2H_M30_6H,2H_M30_6H__30m_bias5_signed_pos,30M Bias_5 signed > 0,1198,30.96828046744574,1.4317853355996142,3.382180300500834,4051.851999999999,14,838,360,1.3646977263524707,5.118875,2025-10-22
2H_M30_6H,2H_M30_6H__30m_bias13_signed_pos,30M Bias_13 signed > 0,1198,30.96828046744574,1.4317853355996142,3.382180300500834,4051.851999999999,14,838,360,1.3646977263524707,5.118875,2025-10-22
2H_M30_6H,2H_M30_6H__30m_bias5_13_signed_pos,30M Bias_5+13 signed > 0,1198,30.96828046744574,1.4317853355996142,3.382180300500834,4051.851999999999,14,838,360,1.3646977263524707,5.118875,2025-10-22
2H_M30_6H,2H_M30_6H__6h_recent2_any,6H 最近2根至少1根同向_对照,578,30.79584775086505,1.4208536971571195,3.4441574394463683,1990.7230000000009,13,404,174,1.1977951810815852,2.901873563218393,2025-10-28
2H_M30_6H,2H_M30_6H__2h_bias5_13_signed_pos,2H Bias_5+13 signed > 0,461,32.32104121475054,1.39957305405832,3.3058524945770067,1523.998,11,322,139,1.2335857037333156,3.5899568345323734,2025-10-22
2H_M30_6H,2H_M30_6H__6h_dir_against,6H 方向反向,640,30.46875,1.386511751036376,2.9611281249999992,1895.1219999999994,13,448,192,1.4814864141809099,6.458453125000001,2025-10-22
2H_M30_6H,2H_M30_6H__2h_bias13_signed_top30,2H Bias_13 signed top30%,359,32.31197771587744,1.3262314463732592,2.9322618384401133,1052.6820000000007,10,251,108,1.0352866141293247,0.574259259259257,2025-11-20
2H_M30_6H,2H_M30_6H__2h_dir_against,2H 方向反向,736,31.11413043478261,1.3030741526343237,2.390970108695652,1759.754,12,515,221,1.2320781570579655,3.258312217194572,2025-10-24
2H_M30_6H,2H_M30_6H__2h_bias5_signed_top30,2H Bias_5 signed top30%,360,32.5,1.1918133085180282,2.0326083333333336,731.739,9,251,109,0.985977486799719,-0.2626972477064242,2025-12-11
2H_M30_6H,2H_M30_6H__2h_bias5_signed_pos,2H Bias_5 signed > 0,805,30.062111801242235,1.14606990749542,1.237960248447205,996.558,15,563,242,1.0349657889735226,0.5534338842975152,2025-10-09
2H_M30_6H,2H_M30_6H__30m_dir_against,30M 方向反向,0,0.0,0.0,0.0,0.0,0,0,0,0.0,0.0,1970-01-01
