bar_time,close,m30_sma5,m30_sma13,m30_dist%,m30_cross,h2_dist%,h2_dir,signal
2026-06-05 03:30:00,4442.175,4449.947,4458.871,0.2005,NONE,0.133,NEUTRAL,NO_SIGNAL
2026-06-05 04:00:00,4439.711,4447.9,4457.397,0.2135,NONE,0.1871,NEUTRAL,NO_SIGNAL
2026-06-05 04:30:00,4444.969,4447.314,4456.441,0.2052,NONE,0.1871,NEUTRAL,NO_SIGNAL
2026-06-05 05:00:00,4444.851,4446.821,4455.549,0.1963,NONE,0.1871,NEUTRAL,NO_SIGNAL
2026-06-05 05:30:00,4440.061,4445.469,4454.358,0.2,NONE,0.1871,NEUTRAL,NO_SIGNAL
2026-06-05 06:00:00,4442.268,4444.829,4453.428,0.1935,NONE,0.1664,NEUTRAL,NO_SIGNAL
2026-06-05 06:30:00,4452.717,4446.406,4453.373,0.1567,NONE,0.1664,NEUTRAL,NO_SIGNAL
2026-06-05 07:00:00,4467.015,4450.528,4454.423,0.0875,NONE,0.1664,NEUTRAL,NO_SIGNAL
2026-06-05 07:30:00,4460.937,4452.61,4454.924,0.052,NONE,0.1664,NEUTRAL,NO_SIGNAL
2026-06-05 08:00:00,4467.113,4455.511,4455.861,0.0079,DEAD,0.1382,NEUTRAL,M30_DEAD_no_H2
2026-06-05 08:30:00,4462.652,4456.939,4456.384,-0.0125,NONE,0.1382,NEUTRAL,NO_SIGNAL
2026-06-05 09:00:00,4462.767,4458.104,4456.875,-0.0276,NONE,0.1382,NEUTRAL,NO_SIGNAL
2026-06-05 09:30:00,4464.699,4459.423,4457.477,-0.0437,NONE,0.1382,NEUTRAL,NO_SIGNAL
2026-06-05 10:00:00,4466.152,4460.769,4458.144,-0.0588,NONE,0.0998,NEUTRAL,NO_SIGNAL
2026-06-05 10:30:00,4466.818,4461.979,4458.811,-0.071,NONE,0.0998,NEUTRAL,NO_SIGNAL
2026-06-05 11:00:00,4465.852,4462.754,4459.353,-0.0762,NONE,0.0998,NEUTRAL,NO_SIGNAL
2026-06-05 11:30:00,4470.284,4464.26,4460.194,-0.0911,NONE,0.0998,NEUTRAL,NO_SIGNAL
2026-06-05 12:00:00,4464.828,4464.373,4460.55,-0.0856,GOLDEN,0.3598,NEUTRAL,M30_GOLDEN_no_H2
2026-06-05 12:30:00,4406.213,4452.741,4456.37,0.0815,NONE,0.3598,NEUTRAL,NO_SIGNAL
2026-06-05 13:00:00,4404.597,4443.112,4452.388,0.2088,NONE,0.3598,NEUTRAL,NO_SIGNAL
2026-06-05 13:30:00,4365.771,4427.644,4445.725,0.4084,NONE,0.3598,NEUTRAL,NO_SIGNAL
2026-06-05 14:00:00,4361.138,4414.343,4439.218,0.5635,NONE,0.6326,BULL,NO_SIGNAL
2026-06-05 14:30:00,4369.788,4405.432,4433.878,0.6457,NONE,0.6326,BULL,NO_SIGNAL
2026-06-05 15:00:00,4351.605,4394.667,4427.549,0.7482,NONE,0.6326,BULL,NO_SIGNAL
2026-06-05 15:30:00,4335.571,4382.847,4420.474,0.8585,NONE,0.6326,BULL,NO_SIGNAL
2026-06-05 16:00:00,4329.483,4372.175,4413.474,0.9446,NONE,0.8085,BULL,NO_SIGNAL
2026-06-05 16:30:00,4344.38,4366.616,4408.159,0.9514,NONE,0.8085,BULL,NO_SIGNAL
2026-06-05 17:00:00,4342.429,4361.778,4403.103,0.9474,NONE,0.8085,BULL,NO_SIGNAL
2026-06-05 17:30:00,4341.852,4357.793,4398.392,0.9316,NONE,0.8085,BULL,NO_SIGNAL
2026-06-05 18:00:00,4325.84,4351.402,4392.811,0.9516,NONE,0.9935,BULL,NO_SIGNAL
2026-06-05 18:30:00,4322.479,4345.618,4387.401,0.9615,NONE,0.9935,BULL,NO_SIGNAL
2026-06-05 19:00:00,4323.674,4341.229,4382.499,0.9506,NONE,0.9935,BULL,NO_SIGNAL
2026-06-05 19:30:00,4318.481,4336.679,4377.574,0.943,NONE,0.9935,BULL,NO_SIGNAL
2026-06-05 20:00:00,4322.464,4333.836,4373.335,0.9114,NONE,1.0865,BULL,NO_SIGNAL
2026-06-05 20:30:00,4328.774,4332.824,4369.907,0.8559,NONE,1.0865,BULL,NO_SIGNAL
2026-06-07 22:00:00,4316.878,4329.635,4365.828,0.8359,NONE,1.0958,BULL,NO_SIGNAL
2026-06-07 22:30:00,4317.429,4327.194,4362.105,0.8068,NONE,1.0958,BULL,NO_SIGNAL
2026-06-07 23:00:00,4333.92,4328.539,4359.937,0.7254,NONE,1.0958,BULL,NO_SIGNAL
2026-06-07 23:30:00,4343.828,4331.597,4358.698,0.6257,NONE,1.0958,BULL,NO_SIGNAL
2026-06-08 00:00:00,4351.539,4335.585,4358.147,0.5204,NONE,1.1381,BULL,NO_SIGNAL
2026-06-08 00:30:00,4342.052,4336.879,4356.909,0.4619,NONE,1.1381,BULL,NO_SIGNAL
2026-06-08 01:00:00,4314.708,4332.444,4353.663,0.4898,NONE,1.1381,BULL,NO_SIGNAL
2026-06-08 01:30:00,4325.642,4331.084,4351.507,0.4716,NONE,1.1381,BULL,NO_SIGNAL
2026-06-08 02:00:00,4314.761,4327.819,4348.681,0.482,NONE,1.1774,BULL,NO_SIGNAL
2026-06-08 02:30:00,4310.697,4324.395,4345.759,0.494,NONE,1.1774,BULL,NO_SIGNAL
2026-06-08 03:00:00,4307.262,4320.968,4342.798,0.5052,NONE,1.1774,BULL,NO_SIGNAL
2026-06-08 03:30:00,4316.842,4320.143,4340.801,0.4782,NONE,1.1774,BULL,NO_SIGNAL
2026-06-08 04:00:00,4319.839,4320.082,4339.189,0.4423,NONE,1.261,BULL,NO_SIGNAL
2026-06-08 04:30:00,4312.673,4318.6,4337.149,0.4295,NONE,1.261,BULL,NO_SIGNAL
2026-06-08 05:00:00,4311.619,4317.204,4335.185,0.4165,NONE,1.261,BULL,NO_SIGNAL
2026-06-08 05:30:00,4291.797,4312.123,4331.847,0.4574,NONE,1.261,BULL,NO_SIGNAL
2026-06-08 06:00:00,4305.97,4310.892,4329.857,0.4399,NONE,1.2957,BULL,NO_SIGNAL
2026-06-08 06:30:00,4299.854,4308.685,4327.549,0.4378,NONE,1.2957,BULL,NO_SIGNAL
2026-06-08 07:00:00,4306.26,4308.2,4325.911,0.4111,NONE,1.2957,BULL,NO_SIGNAL
2026-06-08 07:30:00,4294.552,4305.47,4323.499,0.4187,NONE,1.2957,BULL,NO_SIGNAL
2026-06-08 08:00:00,4288.009,4301.978,4320.769,0.4368,NONE,1.3021,BULL,NO_SIGNAL
2026-06-08 08:30:00,4288.86,4299.354,4318.315,0.441,NONE,1.3021,BULL,NO_SIGNAL
2026-06-08 09:00:00,4279.853,4295.454,4315.356,0.4633,NONE,1.3021,BULL,NO_SIGNAL
2026-06-08 09:30:00,4294.419,4295.247,4313.745,0.4307,NONE,1.3021,BULL,NO_SIGNAL
2026-06-08 10:00:00,4293.913,4294.98,4312.22,0.4014,NONE,1.1795,BULL,NO_SIGNAL
2026-06-08 10:30:00,4301.875,4296.359,4311.424,0.3506,NONE,1.1795,BULL,NO_SIGNAL
2026-06-08 11:00:00,4325.077,4302.103,4312.474,0.2411,NONE,1.1795,BULL,NO_SIGNAL
2026-06-08 11:30:00,4331.383,4307.959,4313.929,0.1386,NONE,1.1795,BULL,NO_SIGNAL
2026-06-08 12:00:00,4329.792,4312.325,4315.149,0.0655,NONE,1.0839,BULL,NO_SIGNAL
2026-06-08 12:30:00,4332.836,4316.428,4316.51,0.0019,DEAD,1.0839,BULL,M30_DEAD_no_H2
2026-06-08 13:00:00,4331.065,4319.355,4317.629,-0.04,NONE,1.0839,BULL,NO_SIGNAL
2026-06-08 13:30:00,4326.88,4320.86,4318.341,-0.0583,NONE,1.0839,BULL,NO_SIGNAL
2026-06-08 14:00:00,4320.169,4320.722,4318.481,-0.0519,NONE,0.9537,BULL,NO_SIGNAL
2026-06-08 14:30:00,4330.765,4322.73,4319.426,-0.0764,NONE,0.9537,BULL,NO_SIGNAL
2026-06-08 15:00:00,4330.474,4324.279,4320.276,-0.0926,NONE,0.9537,BULL,NO_SIGNAL
2026-06-08 15:30:00,4341.755,4327.774,4321.928,-0.1351,NONE,0.9537,BULL,NO_SIGNAL
2026-06-08 16:00:00,4341.014,4330.422,4323.397,-0.1622,NONE,0.8508,BULL,NO_SIGNAL
2026-06-08 16:30:00,4340.484,4332.435,4324.711,-0.1783,NONE,0.8508,BULL,NO_SIGNAL
2026-06-08 17:00:00,4338.933,4333.734,4325.805,-0.183,NONE,0.8508,BULL,NO_SIGNAL
2026-06-08 17:30:00,4339.016,4334.791,4326.821,-0.1838,NONE,0.8508,BULL,NO_SIGNAL
2026-06-08 18:00:00,4342.696,4336.372,4328.042,-0.1921,NONE,0.797,BULL,NO_SIGNAL
2026-06-08 18:30:00,4334.737,4336.045,4328.557,-0.1727,NONE,0.797,BULL,NO_SIGNAL
2026-06-08 19:00:00,4327.849,4334.406,4328.503,-0.1362,NONE,0.797,BULL,NO_SIGNAL
2026-06-08 19:30:00,4326.794,4332.883,4328.371,-0.1041,NONE,0.797,BULL,NO_SIGNAL
2026-06-08 20:00:00,4326.295,4331.566,4328.212,-0.0774,NONE,0.7358,BULL,NO_SIGNAL
2026-06-08 20:30:00,4329.953,4331.243,4328.346,-0.0669,NONE,0.7358,BULL,NO_SIGNAL
2026-06-08 22:00:00,4325.03,4330.0,4328.091,-0.0441,NONE,0.7149,BULL,NO_SIGNAL
2026-06-08 22:30:00,4327.973,4329.595,4328.082,-0.035,NONE,0.7149,BULL,NO_SIGNAL
2026-06-08 23:00:00,4320.721,4327.82,4327.515,-0.007,GOLDEN,0.7149,BULL,BUY
2026-06-08 23:30:00,4317.619,4325.78,4326.754,0.0225,NONE,0.7149,BULL,NO_SIGNAL
2026-06-09 00:00:00,4316.949,4324.014,4326.0,0.0459,NONE,0.6346,BULL,NO_SIGNAL
2026-06-09 00:30:00,4319.662,4323.143,4325.512,0.0548,NONE,0.6346,BULL,NO_SIGNAL
2026-06-09 01:00:00,4335.246,4325.564,4326.261,0.0161,DEAD,0.6346,BULL,M30_DEAD_no_H2
2026-06-09 01:30:00,4336.314,4327.714,4327.034,-0.0157,NONE,0.6346,BULL,NO_SIGNAL
2026-06-09 02:00:00,4335.28,4329.227,4327.669,-0.036,NONE,0.5652,BULL,NO_SIGNAL
2026-06-09 02:30:00,4336.118,4330.605,4328.319,-0.0528,NONE,0.5652,BULL,NO_SIGNAL
2026-06-09 03:00:00,4336.504,4331.785,4328.948,-0.0655,NONE,0.5652,BULL,NO_SIGNAL
2026-06-09 03:30:00,4336.458,4332.72,4329.526,-0.0737,NONE,0.5652,BULL,NO_SIGNAL
2026-06-09 04:00:00,4330.552,4332.286,4329.605,-0.0619,NONE,0.485,NEUTRAL,NO_SIGNAL
2026-06-09 04:30:00,4332.168,4332.262,4329.802,-0.0568,NONE,0.485,NEUTRAL,NO_SIGNAL
2026-06-09 05:00:00,4332.619,4332.334,4330.019,-0.0534,NONE,0.485,NEUTRAL,NO_SIGNAL
2026-06-09 05:30:00,4343.539,4334.575,4331.059,-0.0811,NONE,0.485,NEUTRAL,NO_SIGNAL
2026-06-09 06:00:00,4339.142,4335.488,4331.681,-0.0878,NONE,0.4665,NEUTRAL,NO_SIGNAL
2026-06-09 06:30:00,4330.801,4334.551,4331.613,-0.0678,NONE,0.4665,NEUTRAL,NO_SIGNAL
2026-06-09 07:00:00,4330.91,4333.823,4331.559,-0.0522,NONE,0.4665,NEUTRAL,NO_SIGNAL
2026-06-09 07:30:00,4326.712,4332.401,4331.186,-0.028,NONE,0.4665,NEUTRAL,NO_SIGNAL
2026-06-09 08:00:00,4334.15,4332.75,4331.414,-0.0308,NONE,0.4306,NEUTRAL,NO_SIGNAL
2026-06-09 08:30:00,4326.673,4331.535,4331.049,-0.0112,GOLDEN,0.4306,NEUTRAL,M30_GOLDEN_no_H2
2026-06-09 09:00:00,4326.764,4330.581,4330.72,0.0032,DEAD,0.4306,NEUTRAL,M30_DEAD_no_H2
2026-06-09 09:30:00,4331.973,4330.859,4330.816,-0.001,NONE,0.4306,NEUTRAL,NO_SIGNAL
2026-06-09 10:00:00,4333.721,4331.432,4331.04,-0.0091,NONE,0.3756,NEUTRAL,NO_SIGNAL
2026-06-09 10:30:00,4339.002,4332.946,4331.652,-0.0299,NONE,0.3756,NEUTRAL,NO_SIGNAL
2026-06-09 11:00:00,4338.498,4334.056,4332.179,-0.0433,NONE,0.3756,NEUTRAL,NO_SIGNAL
2026-06-09 11:30:00,4339.65,4335.175,4332.753,-0.0559,NONE,0.3756,NEUTRAL,NO_SIGNAL
2026-06-09 12:00:00,4335.929,4335.326,4332.998,-0.0537,NONE,0.3589,NEUTRAL,NO_SIGNAL
2026-06-09 12:30:00,4341.172,4336.495,4333.626,-0.0661,NONE,0.3589,NEUTRAL,NO_SIGNAL
2026-06-09 13:00:00,4330.658,4335.328,4333.398,-0.0445,NONE,0.3589,NEUTRAL,NO_SIGNAL
2026-06-09 13:30:00,4329.226,4334.107,4333.077,-0.0238,GOLDEN,0.3589,NEUTRAL,M30_GOLDEN_no_H2
2026-06-09 14:00:00,4318.378,4330.961,4331.946,0.0227,NONE,0.5037,BULL,NO_SIGNAL
2026-06-09 14:30:00,4300.636,4324.896,4329.538,0.1073,NONE,0.5037,BULL,NO_SIGNAL
2026-06-09 15:00:00,4278.797,4315.676,4325.635,0.2307,NONE,0.5037,BULL,NO_SIGNAL
2026-06-09 15:30:00,4272.463,4307.034,4321.545,0.3369,NONE,0.5037,BULL,NO_SIGNAL
2026-06-09 16:00:00,4263.603,4298.348,4317.088,0.436,NONE,0.6308,BULL,NO_SIGNAL
2026-06-09 16:30:00,4252.112,4289.1,4312.089,0.536,NONE,0.6308,BULL,NO_SIGNAL
2026-06-09 17:00:00,4262.92,4283.864,4308.307,0.5706,NONE,0.6308,BULL,NO_SIGNAL
2026-06-09 17:30:00,4262.959,4279.683,4304.819,0.5873,NONE,0.6308,BULL,NO_SIGNAL
2026-06-09 18:00:00,4271.021,4277.951,4302.219,0.5673,NONE,0.7288,BULL,NO_SIGNAL
2026-06-09 18:30:00,4270.054,4276.371,4299.745,0.5466,NONE,0.7288,BULL,NO_SIGNAL
2026-06-09 19:00:00,4257.21,4272.539,4296.473,0.5602,NONE,0.7288,BULL,NO_SIGNAL
2026-06-09 19:30:00,4258.411,4269.714,4293.545,0.5582,NONE,0.7288,BULL,NO_SIGNAL
2026-06-09 20:00:00,4258.969,4267.565,4290.885,0.5465,NONE,0.7843,BULL,NO_SIGNAL
2026-06-09 20:30:00,4260.441,4266.14,4288.544,0.5251,NONE,0.7843,BULL,NO_SIGNAL
2026-06-09 22:00:00,4256.505,4264.213,4286.079,0.5128,NONE,0.9258,BULL,NO_SIGNAL
2026-06-09 22:30:00,4236.965,4258.763,4282.301,0.5527,NONE,0.9258,BULL,NO_SIGNAL
2026-06-09 23:00:00,4224.096,4251.83,4277.824,0.6114,NONE,0.9258,BULL,NO_SIGNAL
2026-06-09 23:30:00,4221.949,4245.854,4273.526,0.6517,NONE,0.9258,BULL,NO_SIGNAL
2026-06-10 00:00:00,4218.104,4240.304,4269.262,0.6829,NONE,1.1141,BULL,NO_SIGNAL
2026-06-10 00:30:00,4217.986,4235.84,4265.318,0.6959,NONE,1.1141,BULL,NO_SIGNAL
2026-06-10 01:00:00,4201.976,4229.067,4260.446,0.742,NONE,1.1141,BULL,NO_SIGNAL
2026-06-10 01:30:00,4188.78,4221.01,4254.933,0.8037,NONE,1.1141,BULL,NO_SIGNAL
2026-06-10 02:00:00,4187.881,4214.384,4249.775,0.8398,NONE,1.2494,BULL,NO_SIGNAL
2026-06-10 02:30:00,4174.16,4206.339,4243.959,0.8943,NONE,1.2494,BULL,NO_SIGNAL
2026-06-10 03:00:00,4177.31,4200.533,4238.832,0.9117,NONE,1.2494,BULL,NO_SIGNAL
2026-06-10 03:30:00,4184.697,4197.366,4234.667,0.8887,NONE,1.2494,BULL,NO_SIGNAL
2026-06-10 04:00:00,4174.589,4192.811,4230.046,0.8881,NONE,1.2706,BULL,NO_SIGNAL
2026-06-10 04:30:00,4174.665,4189.182,4225.786,0.8738,NONE,1.2706,BULL,NO_SIGNAL
2026-06-10 05:00:00,4186.928,4188.731,4222.797,0.8133,NONE,1.2706,BULL,NO_SIGNAL
2026-06-10 05:30:00,4205.031,4191.991,4221.43,0.7023,NONE,1.2706,BULL,NO_SIGNAL
2026-06-10 06:00:00,4211.936,4195.98,4220.7,0.5891,NONE,1.3234,BULL,NO_SIGNAL
2026-06-10 06:30:00,4203.976,4197.579,4219.414,0.5202,NONE,1.3234,BULL,NO_SIGNAL
2026-06-10 07:00:00,4194.899,4197.043,4217.528,0.4881,NONE,1.3234,BULL,NO_SIGNAL
2026-06-10 07:30:00,4186.016,4194.838,4215.104,0.4831,NONE,1.3234,BULL,NO_SIGNAL
2026-06-10 08:00:00,4172.078,4190.286,4211.794,0.5133,NONE,1.3946,BULL,NO_SIGNAL
2026-06-10 08:30:00,4169.061,4186.041,4208.507,0.5367,NONE,1.3946,BULL,NO_SIGNAL
2026-06-10 09:00:00,4166.25,4182.083,4205.256,0.5541,NONE,1.3946,BULL,NO_SIGNAL
2026-06-10 09:30:00,4168.523,4179.371,4202.431,0.5518,NONE,1.3946,BULL,NO_SIGNAL
2026-06-10 10:00:00,4164.969,4176.49,4199.549,0.5521,NONE,1.4884,BULL,NO_SIGNAL
2026-06-10 10:30:00,4174.458,4176.084,4197.619,0.5157,NONE,1.4884,BULL,NO_SIGNAL
2026-06-10 11:00:00,4166.616,4174.19,4195.234,0.5041,NONE,1.4884,BULL,NO_SIGNAL
2026-06-10 11:30:00,4147.722,4168.897,4191.579,0.5441,NONE,1.4884,BULL,NO_SIGNAL
2026-06-10 12:00:00,4141.459,4163.409,4187.724,0.584,NONE,1.4404,BULL,NO_SIGNAL
2026-06-10 12:30:00,4146.777,4160.083,4184.574,0.5887,NONE,1.4404,BULL,NO_SIGNAL
2026-06-10 13:00:00,4149.504,4157.967,4181.876,0.575,NONE,1.4404,BULL,NO_SIGNAL
2026-06-10 13:30:00,4179.361,4162.246,4181.683,0.467,NONE,1.4404,BULL,NO_SIGNAL
2026-06-10 14:00:00,4160.95,4161.987,4180.088,0.4349,NONE,1.5355,BULL,NO_SIGNAL
2026-06-10 14:30:00,4124.67,4154.523,4175.825,0.5127,NONE,1.5355,BULL,NO_SIGNAL
2026-06-10 15:00:00,4127.666,4149.152,4172.121,0.5536,NONE,1.5355,BULL,NO_SIGNAL
2026-06-10 15:30:00,4128.597,4145.041,4168.773,0.5725,NONE,1.5355,BULL,NO_SIGNAL
2026-06-10 16:00:00,4127.621,4141.557,4165.607,0.5807,NONE,1.6339,BULL,NO_SIGNAL
2026-06-10 16:30:00,4122.135,4137.673,4162.263,0.5943,NONE,1.6339,BULL,NO_SIGNAL
2026-06-10 17:00:00,4111.074,4132.353,4158.326,0.6285,NONE,1.6339,BULL,NO_SIGNAL
2026-06-10 17:30:00,4111.714,4128.225,4154.74,0.6423,NONE,1.6339,BULL,NO_SIGNAL
2026-06-10 18:00:00,4112.506,4125.081,4151.491,0.6402,NONE,1.77,BULL,NO_SIGNAL
2026-06-10 18:30:00,4101.676,4120.4,4147.659,0.6616,NONE,1.77,BULL,NO_SIGNAL
2026-06-10 19:00:00,4084.529,4113.226,4142.803,0.7191,NONE,1.77,BULL,NO_SIGNAL
2026-06-10 19:30:00,4082.846,4107.15,4138.191,0.7558,NONE,1.77,BULL,NO_SIGNAL
2026-06-10 20:00:00,4078.365,4101.393,4133.589,0.785,NONE,1.8821,BULL,NO_SIGNAL
2026-06-10 20:30:00,4070.577,4095.23,4128.742,0.8183,NONE,1.8821,BULL,NO_SIGNAL
2026-06-10 22:00:00,4044.655,4085.115,4122.274,0.9096,NONE,2.0087,BULL,NO_SIGNAL
2026-06-10 22:30:00,4046.457,4077.383,4116.442,0.9579,NONE,2.0087,BULL,NO_SIGNAL
2026-06-10 23:00:00,4061.37,4074.181,4112.205,0.9333,NONE,2.0087,BULL,NO_SIGNAL
2026-06-10 23:30:00,4047.261,4068.797,4107.21,0.9441,NONE,2.0087,BULL,NO_SIGNAL
2026-06-11 00:00:00,4067.462,4068.53,4104.152,0.8756,NONE,1.9029,BULL,NO_SIGNAL
2026-06-11 00:30:00,4075.621,4069.948,4101.957,0.7865,NONE,1.9029,BULL,NO_SIGNAL
2026-06-11 01:00:00,4104.635,4076.885,4102.163,0.62,NONE,1.9029,BULL,NO_SIGNAL
2026-06-11 01:30:00,4102.099,4081.928,4102.158,0.4956,NONE,1.9029,BULL,NO_SIGNAL
2026-06-11 02:00:00,4082.595,4082.061,4100.654,0.4555,NONE,1.886,BULL,NO_SIGNAL
2026-06-11 02:30:00,4067.776,4079.204,4098.125,0.4638,NONE,1.886,BULL,NO_SIGNAL
2026-06-11 03:00:00,4063.012,4075.966,4095.424,0.4774,NONE,1.886,BULL,NO_SIGNAL
2026-06-11 03:30:00,4072.736,4075.32,4093.678,0.4505,NONE,1.886,BULL,NO_SIGNAL
2026-06-11 04:00:00,4077.497,4075.755,4092.434,0.4092,NONE,1.7779,BULL,NO_SIGNAL
2026-06-11 04:30:00,4082.758,4077.156,4091.689,0.3565,NONE,1.7779,BULL,NO_SIGNAL
2026-06-11 05:00:00,4074.897,4076.704,4090.398,0.3359,NONE,1.7779,BULL,NO_SIGNAL
2026-06-11 05:30:00,4094.352,4080.234,4090.702,0.2566,NONE,1.7779,BULL,NO_SIGNAL
2026-06-11 06:00:00,4086.785,4081.544,4090.401,0.217,NONE,1.6386,BULL,NO_SIGNAL
2026-06-11 06:30:00,4094.729,4084.181,4090.733,0.1604,NONE,1.6386,BULL,NO_SIGNAL
2026-06-11 07:00:00,4107.367,4088.818,4092.013,0.0781,NONE,1.6386,BULL,NO_SIGNAL
2026-06-11 07:30:00,4104.774,4092.009,4092.995,0.0241,NONE,1.6386,BULL,NO_SIGNAL
2026-06-11 08:00:00,4097.495,4093.106,4093.341,0.0057,NONE,1.5515,BULL,NO_SIGNAL
2026-06-11 08:30:00,4084.495,4091.384,4092.66,0.0312,NONE,1.5515,BULL,NO_SIGNAL
2026-06-11 09:00:00,4079.419,4088.991,4091.642,0.0648,NONE,1.5515,BULL,NO_SIGNAL
2026-06-11 09:30:00,4091.451,4089.483,4091.627,0.0524,NONE,1.5515,BULL,NO_SIGNAL
2026-06-11 10:00:00,4087.787,4089.144,4091.332,0.0535,NONE,1.4971,BULL,NO_SIGNAL
2026-06-11 10:30:00,4089.717,4089.259,4091.208,0.0477,NONE,1.4971,BULL,NO_SIGNAL
2026-06-11 11:00:00,4090.163,4089.439,4091.127,0.0413,NONE,1.4971,BULL,NO_SIGNAL
2026-06-11 11:30:00,4080.436,4087.639,4090.305,0.0652,NONE,1.4971,BULL,NO_SIGNAL
2026-06-11 12:00:00,4069.11,4083.933,4088.674,0.1161,NONE,1.4253,BULL,NO_SIGNAL
2026-06-11 12:30:00,4081.988,4083.544,4088.16,0.113,NONE,1.4253,BULL,NO_SIGNAL
2026-06-11 13:00:00,4075.413,4081.918,4087.18,0.1289,NONE,1.4253,BULL,NO_SIGNAL
2026-06-11 13:30:00,4083.26,4082.186,4086.878,0.1149,NONE,1.4253,BULL,NO_SIGNAL
2026-06-11 14:00:00,4074.85,4080.719,4085.953,0.1283,NONE,1.3337,BULL,NO_SIGNAL
2026-06-11 14:30:00,4073.597,4079.295,4085.002,0.1399,NONE,1.3337,BULL,NO_SIGNAL
2026-06-11 15:00:00,4081.521,4079.74,4084.735,0.1224,NONE,1.3337,BULL,NO_SIGNAL
2026-06-11 15:30:00,4088.661,4081.524,4085.037,0.0861,NONE,1.3337,BULL,NO_SIGNAL
2026-06-11 16:00:00,4079.738,4081.167,4084.629,0.0848,NONE,1.0518,BULL,NO_SIGNAL
2026-06-11 16:30:00,4080.372,4081.008,4084.302,0.0807,NONE,1.0518,BULL,NO_SIGNAL
2026-06-11 17:00:00,4101.651,4085.137,4085.636,0.0122,DEAD,1.0518,BULL,M30_DEAD_no_H2
2026-06-11 17:30:00,4151.963,4098.502,4090.738,-0.1894,NONE,1.0518,BULL,NO_SIGNAL
2026-06-11 18:00:00,4153.081,4109.418,4095.534,-0.3379,NONE,0.6561,BULL,NO_SIGNAL
2026-06-11 18:30:00,4161.803,4119.895,4100.631,-0.4676,NONE,0.6561,BULL,NO_SIGNAL
2026-06-11 19:00:00,4195.74,4135.064,4107.947,-0.6558,NONE,0.6561,BULL,NO_SIGNAL
2026-06-11 19:30:00,4208.967,4149.844,4115.718,-0.8223,NONE,0.6561,BULL,NO_SIGNAL
2026-06-11 20:00:00,4213.924,4162.66,4123.272,-0.9462,NONE,0.3487,NEUTRAL,NO_SIGNAL
2026-06-11 20:30:00,4211.516,4172.431,4130.06,-1.0155,NONE,0.3487,NEUTRAL,NO_SIGNAL
2026-06-11 22:00:00,4214.762,4180.898,4136.576,-1.0601,NONE,0.0934,NEUTRAL,NO_SIGNAL
2026-06-11 22:30:00,4243.304,4193.379,4144.786,-1.1588,NONE,0.0934,NEUTRAL,NO_SIGNAL
2026-06-11 23:00:00,4216.387,4197.98,4150.294,-1.1359,NONE,0.0934,NEUTRAL,NO_SIGNAL
2026-06-11 23:30:00,4219.785,4202.341,4155.639,-1.1113,NONE,0.0934,NEUTRAL,NO_SIGNAL
2026-06-12 00:00:00,4220.485,4205.97,4160.627,-1.0781,NONE,0.0017,NEUTRAL,NO_SIGNAL
2026-06-12 00:30:00,4208.154,4206.407,4164.283,-1.0014,NONE,0.0017,NEUTRAL,NO_SIGNAL
2026-06-12 01:00:00,4181.084,4201.342,4165.576,-0.8513,NONE,0.0017,NEUTRAL,NO_SIGNAL
2026-06-12 01:30:00,4186.89,4198.452,4167.215,-0.744,NONE,0.0017,NEUTRAL,NO_SIGNAL
2026-06-12 02:00:00,4188.585,4196.478,4168.859,-0.6582,NONE,-0.0964,NEUTRAL,NO_SIGNAL
2026-06-12 02:30:00,4191.411,4195.465,4170.594,-0.5928,NONE,-0.0964,NEUTRAL,NO_SIGNAL
2026-06-12 03:00:00,4203.304,4197.033,4173.11,-0.57,NONE,-0.0964,NEUTRAL,NO_SIGNAL
2026-06-12 03:30:00,4197.277,4197.082,4174.969,-0.5269,NONE,-0.0964,NEUTRAL,NO_SIGNAL
2026-06-12 04:00:00,4192.544,4196.174,4176.321,-0.4731,NONE,-0.0959,NEUTRAL,NO_SIGNAL
2026-06-12 04:30:00,4190.115,4194.962,4177.382,-0.4191,NONE,-0.0959,NEUTRAL,NO_SIGNAL
2026-06-12 05:00:00,4186.967,4193.363,4178.119,-0.3635,NONE,-0.0959,NEUTRAL,NO_SIGNAL
2026-06-12 05:30:00,4173.03,4189.297,4177.728,-0.2762,NONE,-0.0959,NEUTRAL,NO_SIGNAL
2026-06-12 06:00:00,4181.937,4187.825,4178.052,-0.2334,NONE,-0.1559,NEUTRAL,NO_SIGNAL
2026-06-12 06:30:00,4184.002,4187.06,4178.509,-0.2042,NONE,-0.1559,NEUTRAL,NO_SIGNAL
2026-06-12 07:00:00,4174.251,4184.498,4178.182,-0.151,NONE,-0.1559,NEUTRAL,NO_SIGNAL
2026-06-12 07:30:00,4194.047,4186.408,4179.402,-0.1673,NONE,-0.1559,NEUTRAL,NO_SIGNAL
2026-06-12 08:00:00,4212.879,4191.702,4181.977,-0.232,NONE,-0.2794,NEUTRAL,NO_SIGNAL
2026-06-12 08:30:00,4219.695,4197.301,4184.879,-0.296,NONE,-0.2794,NEUTRAL,NO_SIGNAL
2026-06-12 09:00:00,4221.066,4202.054,4187.662,-0.3425,NONE,-0.2794,NEUTRAL,NO_SIGNAL
2026-06-12 09:30:00,4221.921,4206.027,4190.298,-0.374,NONE,-0.2794,NEUTRAL,NO_SIGNAL
2026-06-12 10:00:00,4206.865,4206.195,4191.572,-0.3477,NONE,-0.3223,NEUTRAL,NO_SIGNAL
2026-06-12 10:30:00,4210.733,4207.102,4193.046,-0.3341,NONE,-0.3223,NEUTRAL,NO_SIGNAL
2026-06-12 11:00:00,4202.435,4206.169,4193.768,-0.2948,NONE,-0.3223,NEUTRAL,NO_SIGNAL
2026-06-12 11:30:00,4207.017,4206.339,4194.787,-0.2746,NONE,-0.3223,NEUTRAL,NO_SIGNAL
2026-06-12 12:00:00,4201.146,4205.3,4195.276,-0.2384,NONE,-0.2883,NEUTRAL,NO_SIGNAL
2026-06-12 12:30:00,4191.873,4202.615,4195.015,-0.1808,NONE,-0.2883,NEUTRAL,NO_SIGNAL
2026-06-12 13:00:00,4202.946,4202.681,4195.625,-0.1679,NONE,-0.2883,NEUTRAL,NO_SIGNAL
2026-06-12 13:30:00,4186.226,4199.39,4194.902,-0.1069,NONE,-0.2883,NEUTRAL,NO_SIGNAL
2026-06-12 14:00:00,4188.759,4197.264,4194.429,-0.0675,NONE,-0.3338,NEUTRAL,NO_SIGNAL
2026-06-12 14:30:00,4204.055,4198.622,4195.17,-0.0822,NONE,-0.3338,NEUTRAL,NO_SIGNAL
2026-06-12 15:00:00,4225.948,4204.087,4197.537,-0.1558,NONE,-0.3338,NEUTRAL,NO_SIGNAL
2026-06-12 15:30:00,4211.904,4205.651,4198.642,-0.1666,NONE,-0.3338,NEUTRAL,NO_SIGNAL
2026-06-12 16:00:00,4217.179,4207.956,4200.068,-0.1875,NONE,-0.3898,NEUTRAL,NO_SIGNAL
2026-06-12 16:30:00,4216.119,4209.589,4201.303,-0.1968,NONE,-0.3898,NEUTRAL,NO_SIGNAL
2026-06-12 17:00:00,4219.0,4211.471,4202.664,-0.2091,NONE,-0.3898,NEUTRAL,NO_SIGNAL
2026-06-12 17:30:00,4221.41,4213.459,4204.106,-0.222,NONE,-0.3898,NEUTRAL,NO_SIGNAL
2026-06-12 18:00:00,4226.522,4216.071,4205.831,-0.2429,NONE,-0.3936,NEUTRAL,NO_SIGNAL
2026-06-12 18:30:00,4215.692,4215.996,4206.589,-0.2231,NONE,-0.3936,NEUTRAL,NO_SIGNAL
2026-06-12 19:00:00,4208.642,4214.525,4206.747,-0.1845,NONE,-0.3936,NEUTRAL,NO_SIGNAL
2026-06-12 19:30:00,4210.559,4213.732,4207.04,-0.1588,NONE,-0.3936,NEUTRAL,NO_SIGNAL
2026-06-12 20:00:00,4214.361,4213.858,4207.603,-0.1484,NONE,-0.4138,NEUTRAL,NO_SIGNAL
2026-06-12 20:30:00,4218.665,4214.819,4208.454,-0.151,NONE,-0.4138,NEUTRAL,NO_SIGNAL
2026-06-14 22:00:00,4287.152,4229.286,4214.508,-0.3494,NONE,-0.6402,BEAR,NO_SIGNAL
2026-06-14 22:30:00,4285.709,4240.57,4219.985,-0.4854,NONE,-0.6402,BEAR,NO_SIGNAL
2026-06-14 23:00:00,4283.098,4249.076,4224.84,-0.5704,NONE,-0.6402,BEAR,NO_SIGNAL
2026-06-14 23:30:00,4293.94,4258.049,4230.155,-0.6551,NONE,-0.6402,BEAR,NO_SIGNAL
2026-06-15 00:00:00,4300.737,4266.586,4235.585,-0.7266,NONE,-0.8616,BEAR,NO_SIGNAL
2026-06-15 00:30:00,4292.396,4271.748,4239.955,-0.7443,NONE,-0.8616,BEAR,NO_SIGNAL
2026-06-15 01:00:00,4303.32,4278.063,4244.829,-0.7768,NONE,-0.8616,BEAR,NO_SIGNAL
2026-06-15 01:30:00,4316.783,4285.807,4250.364,-0.827,NONE,-0.8616,BEAR,NO_SIGNAL
2026-06-15 02:00:00,4327.907,4294.227,4256.329,-0.8825,NONE,-1.0339,BEAR,NO_SIGNAL
2026-06-15 02:30:00,4329.413,4301.264,4261.951,-0.914,NONE,-1.0339,BEAR,NO_SIGNAL
2026-06-15 03:00:00,4324.08,4305.827,4266.73,-0.908,NONE,-1.0339,BEAR,NO_SIGNAL
2026-06-15 03:30:00,4325.067,4309.675,4271.217,-0.8924,NONE,-1.0339,BEAR,NO_SIGNAL
2026-06-15 04:00:00,4326.82,4313.104,4275.494,-0.872,NONE,-1.102,BEAR,NO_SIGNAL
2026-06-15 04:30:00,4328.359,4316.155,4279.561,-0.8478,NONE,-1.102,BEAR,NO_SIGNAL
2026-06-15 05:00:00,4330.069,4318.938,4283.446,-0.8218,NONE,-1.102,BEAR,NO_SIGNAL
2026-06-15 05:30:00,4310.17,4317.184,4285.502,-0.7339,NONE,-1.102,BEAR,NO_SIGNAL
2026-06-15 06:00:00,4305.113,4314.77,4287.01,-0.6434,NONE,-1.1711,BEAR,NO_SIGNAL
2026-06-15 06:30:00,4308.245,4313.465,4288.644,-0.5754,NONE,-1.1711,BEAR,NO_SIGNAL
2026-06-15 07:00:00,4316.608,4314.094,4290.795,-0.5401,NONE,-1.1711,BEAR,NO_SIGNAL
2026-06-15 07:30:00,4322.971,4315.869,4293.27,-0.5236,NONE,-1.1711,BEAR,NO_SIGNAL
2026-06-15 08:00:00,4328.341,4318.363,4295.968,-0.5186,NONE,-1.2426,BEAR,NO_SIGNAL
2026-06-15 08:30:00,4334.326,4321.556,4298.918,-0.5238,NONE,-1.2426,BEAR,NO_SIGNAL
2026-06-15 09:00:00,4339.252,4325.095,4302.021,-0.5335,NONE,-1.2426,BEAR,NO_SIGNAL
2026-06-15 09:30:00,4336.791,4327.434,4304.696,-0.5255,NONE,-1.2426,BEAR,NO_SIGNAL
2026-06-15 10:00:00,4338.554,4329.658,4307.3,-0.5164,NONE,-1.2719,BEAR,NO_SIGNAL
2026-06-15 10:30:00,4337.97,4331.321,4309.659,-0.5001,NONE,-1.2719,BEAR,NO_SIGNAL
2026-06-15 11:00:00,4340.792,4333.215,4312.054,-0.4883,NONE,-1.2719,BEAR,NO_SIGNAL
2026-06-15 11:30:00,4335.355,4333.643,4313.847,-0.4568,NONE,-1.2719,BEAR,NO_SIGNAL
2026-06-15 12:00:00,4337.435,4334.401,4315.661,-0.4324,NONE,-1.3294,BEAR,NO_SIGNAL
2026-06-15 12:30:00,4348.814,4337.284,4318.211,-0.4397,NONE,-1.3294,BEAR,NO_SIGNAL
2026-06-15 13:00:00,4353.145,4340.456,4320.898,-0.4506,NONE,-1.3294,BEAR,NO_SIGNAL
2026-06-15 13:30:00,4355.278,4343.42,4323.543,-0.4576,NONE,-1.3294,BEAR,NO_SIGNAL
2026-06-15 14:00:00,4363.464,4347.429,4326.614,-0.4788,NONE,-1.354,BEAR,NO_SIGNAL
2026-06-15 14:30:00,4356.812,4349.306,4328.937,-0.4683,NONE,-1.354,BEAR,NO_SIGNAL
2026-06-15 15:00:00,4353.85,4350.215,4330.853,-0.4451,NONE,-1.354,BEAR,NO_SIGNAL
2026-06-15 15:30:00,4356.337,4351.439,4332.813,-0.428,NONE,-1.354,BEAR,NO_SIGNAL
2026-06-15 16:00:00,4343.171,4349.785,4333.61,-0.3719,NONE,-1.2627,BEAR,NO_SIGNAL
2026-06-15 16:30:00,4339.031,4347.635,4334.027,-0.313,NONE,-1.2627,BEAR,NO_SIGNAL
2026-06-15 17:00:00,4329.958,4344.099,4333.714,-0.2391,NONE,-1.2627,BEAR,NO_SIGNAL
2026-06-15 17:30:00,4324.588,4340.197,4333.012,-0.1655,NONE,-1.2627,BEAR,NO_SIGNAL
2026-06-15 18:00:00,4324.802,4337.118,4332.381,-0.1092,NONE,-1.1647,BEAR,NO_SIGNAL
2026-06-15 18:30:00,4325.804,4334.855,4331.875,-0.0688,NONE,-1.1647,BEAR,NO_SIGNAL
2026-06-15 19:00:00,4321.486,4332.181,4331.076,-0.0255,GOLDEN,-1.1647,BEAR,M30_GOLDEN_no_H2
2026-06-15 19:30:00,4320.608,4329.867,4330.27,0.0093,NONE,-1.1647,BEAR,NO_SIGNAL
2026-06-15 20:00:00,4312.824,4326.458,4328.928,0.0571,NONE,-1.0411,BEAR,NO_SIGNAL
2026-06-15 20:30:00,4308.686,4322.904,4327.371,0.1033,NONE,-1.0411,BEAR,NO_SIGNAL
2026-06-15 22:00:00,4308.308,4319.985,4325.905,0.137,NONE,-0.9534,BEAR,NO_SIGNAL
2026-06-15 22:30:00,4311.954,4318.378,4324.832,0.1494,NONE,-0.9534,BEAR,NO_SIGNAL
2026-06-15 23:00:00,4315.385,4317.78,4324.105,0.1465,NONE,-0.9534,BEAR,NO_SIGNAL
2026-06-15 23:30:00,4315.715,4317.367,4323.46,0.1411,NONE,-0.9534,BEAR,NO_SIGNAL
2026-06-16 00:00:00,4308.383,4315.57,4322.3,0.1559,NONE,-0.8676,BEAR,NO_SIGNAL
2026-06-16 00:30:00,4319.175,4316.291,4322.06,0.1336,NONE,-0.8676,BEAR,NO_SIGNAL
2026-06-16 01:00:00,4319.14,4316.861,4321.835,0.1152,NONE,-0.8676,BEAR,NO_SIGNAL
2026-06-16 01:30:00,4313.447,4316.178,4321.19,0.1161,NONE,-0.8676,BEAR,NO_SIGNAL
2026-06-16 02:00:00,4312.405,4315.423,4320.514,0.118,NONE,-0.8381,BEAR,NO_SIGNAL
2026-06-16 02:30:00,4318.456,4316.03,4320.356,0.1002,NONE,-0.8381,BEAR,NO_SIGNAL
2026-06-16 03:00:00,4321.244,4317.073,4320.424,0.0776,NONE,-0.8381,BEAR,NO_SIGNAL
2026-06-16 03:30:00,4330.235,4319.705,4321.179,0.0341,NONE,-0.8381,BEAR,NO_SIGNAL
2026-06-16 04:00:00,4322.997,4320.364,4321.319,0.0221,NONE,-0.7625,BEAR,NO_SIGNAL
2026-06-16 04:30:00,4322.633,4320.817,4321.42,0.0139,DEAD,-0.7625,BEAR,SELL
2026-06-16 05:00:00,4327.112,4322.076,4321.858,-0.0051,GOLDEN,-0.7625,BEAR,M30_GOLDEN_no_H2
2026-06-16 05:30:00,4315.673,4320.796,4321.382,0.0136,NONE,-0.7625,BEAR,NO_SIGNAL
2026-06-16 06:00:00,4316.299,4319.896,4320.991,0.0253,NONE,-0.7491,BEAR,NO_SIGNAL
2026-06-16 06:30:00,4323.703,4320.658,4321.199,0.0125,DEAD,-0.7491,BEAR,SELL
2026-06-16 07:00:00,4328.625,4322.251,4321.771,-0.0111,NONE,-0.7491,BEAR,NO_SIGNAL
2026-06-16 07:30:00,4334.908,4324.783,4322.781,-0.0463,NONE,-0.7491,BEAR,NO_SIGNAL
2026-06-16 08:00:00,4341.362,4328.098,4324.211,-0.0898,NONE,-0.7561,BEAR,NO_SIGNAL
2026-06-16 08:30:00,4346.783,4331.835,4325.947,-0.1359,NONE,-0.7561,BEAR,NO_SIGNAL
2026-06-16 09:00:00,4339.653,4333.399,4327.001,-0.1476,NONE,-0.7561,BEAR,NO_SIGNAL
2026-06-16 09:30:00,4345.058,4335.731,4328.39,-0.1693,NONE,-0.7561,BEAR,NO_SIGNAL
2026-06-16 10:00:00,4344.3,4337.445,4329.614,-0.1805,NONE,-0.7376,BEAR,NO_SIGNAL
2026-06-16 10:30:00,4348.705,4339.697,4331.083,-0.1985,NONE,-0.7376,BEAR,NO_SIGNAL
2026-06-16 11:00:00,4341.796,4340.117,4331.907,-0.1892,NONE,-0.7376,BEAR,NO_SIGNAL
2026-06-16 11:30:00,4340.763,4340.246,4332.588,-0.1764,NONE,-0.7376,BEAR,NO_SIGNAL
2026-06-16 12:00:00,4343.759,4340.948,4333.447,-0.1728,NONE,-0.6876,BEAR,NO_SIGNAL
2026-06-16 12:30:00,4354.497,4343.658,4335.066,-0.1978,NONE,-0.6876,BEAR,NO_SIGNAL
2026-06-16 13:00:00,4335.187,4341.964,4335.076,-0.1586,NONE,-0.6876,BEAR,NO_SIGNAL
2026-06-16 13:30:00,4331.882,4339.948,4334.83,-0.1179,NONE,-0.6876,BEAR,NO_SIGNAL
2026-06-16 14:00:00,4319.641,4335.886,4333.662,-0.0513,NONE,-0.65,BEAR,NO_SIGNAL
2026-06-16 14:30:00,4323.841,4333.477,4332.906,-0.0132,GOLDEN,-0.65,BEAR,M30_GOLDEN_no_H2
2026-06-16 15:00:00,4325.602,4331.902,4332.344,0.0102,DEAD,-0.65,BEAR,SELL
2026-06-16 15:30:00,4335.381,4332.598,4332.578,-0.0005,NONE,-0.65,BEAR,NO_SIGNAL
2026-06-16 16:00:00,4344.398,4334.958,4333.487,-0.0339,NONE,-0.6254,BEAR,NO_SIGNAL
2026-06-16 16:30:00,4340.704,4336.107,4334.042,-0.0476,NONE,-0.6254,BEAR,NO_SIGNAL
2026-06-16 17:00:00,4334.478,4335.781,4334.076,-0.0393,NONE,-0.6254,BEAR,NO_SIGNAL
2026-06-16 17:30:00,4340.091,4336.643,4334.539,-0.0485,NONE,-0.6254,BEAR,NO_SIGNAL
2026-06-16 18:00:00,4341.153,4337.545,4335.047,-0.0576,NONE,-0.5808,BEAR,NO_SIGNAL
2026-06-16 18:30:00,4338.335,4337.703,4335.3,-0.0554,NONE,-0.5808,BEAR,NO_SIGNAL
2026-06-16 19:00:00,4339.628,4338.088,4335.633,-0.0566,NONE,-0.5808,BEAR,NO_SIGNAL
2026-06-16 19:30:00,4334.102,4337.291,4335.515,-0.0409,NONE,-0.5808,BEAR,NO_SIGNAL
2026-06-16 20:00:00,4332.952,4336.423,4335.318,-0.0255,NONE,-0.5305,BEAR,NO_SIGNAL
2026-06-16 20:30:00,4331.08,4335.354,4334.992,-0.0084,GOLDEN,-0.5305,BEAR,M30_GOLDEN_no_H2
2026-06-16 22:00:00,4329.969,4334.277,4334.606,0.0076,NONE,-0.4852,NEUTRAL,NO_SIGNAL
2026-06-16 22:30:00,4335.273,4334.477,4334.657,0.0042,DEAD,-0.4852,NEUTRAL,M30_DEAD_no_H2
2026-06-16 23:00:00,4336.23,4334.827,4334.778,-0.0011,GOLDEN,-0.4852,NEUTRAL,M30_GOLDEN_no_H2
2026-06-16 23:30:00,4331.111,4334.084,4334.496,0.0095,DEAD,-0.4852,NEUTRAL,M30_DEAD_no_H2
2026-06-17 00:00:00,4337.439,4334.755,4334.722,-0.0008,NONE,-0.4722,NEUTRAL,NO_SIGNAL
2026-06-17 00:30:00,4336.91,4335.186,4334.891,-0.0068,NONE,-0.4722,NEUTRAL,NO_SIGNAL
2026-06-17 01:00:00,4343.453,4336.839,4335.549,-0.0297,NONE,-0.4722,NEUTRAL,NO_SIGNAL
2026-06-17 01:30:00,4341.011,4337.674,4335.969,-0.0393,NONE,-0.4722,NEUTRAL,NO_SIGNAL
2026-06-17 02:00:00,4340.406,4338.22,4336.311,-0.044,NONE,-0.4307,NEUTRAL,NO_SIGNAL
2026-06-17 02:30:00,4331.759,4336.928,4335.961,-0.0223,NONE,-0.4307,NEUTRAL,NO_SIGNAL
2026-06-17 03:00:00,4331.477,4335.838,4335.616,-0.0051,GOLDEN,-0.4307,NEUTRAL,M30_GOLDEN_no_H2
2026-06-17 03:30:00,4332.258,4335.122,4335.357,0.0054,NONE,-0.4307,NEUTRAL,NO_SIGNAL
2026-06-17 04:00:00,4324.672,4333.032,4334.535,0.0347,NONE,-0.3775,NEUTRAL,NO_SIGNAL
2026-06-17 04:30:00,4326.533,4331.732,4333.92,0.0505,NONE,-0.3775,NEUTRAL,NO_SIGNAL
2026-06-17 05:00:00,4327.01,4330.788,4333.388,0.0601,NONE,-0.3775,NEUTRAL,NO_SIGNAL
2026-06-17 05:30:00,4326.628,4329.956,4332.868,0.0673,NONE,-0.3775,NEUTRAL,NO_SIGNAL
2026-06-17 06:00:00,4324.429,4328.85,4332.219,0.0778,NONE,-0.3287,NEUTRAL,NO_SIGNAL
2026-06-17 06:30:00,4331.487,4329.378,4332.163,0.0643,NONE,-0.3287,NEUTRAL,NO_SIGNAL
2026-06-17 07:00:00,4328.938,4329.29,4331.915,0.0606,NONE,-0.3287,NEUTRAL,NO_SIGNAL
2026-06-17 07:30:00,4325.32,4328.496,4331.407,0.0673,NONE,-0.3287,NEUTRAL,NO_SIGNAL
2026-06-17 08:00:00,4323.461,4327.489,4330.796,0.0764,NONE,-0.2998,NEUTRAL,NO_SIGNAL
2026-06-17 08:30:00,4324.536,4326.898,4330.315,0.079,NONE,-0.2998,NEUTRAL,NO_SIGNAL
2026-06-17 09:00:00,4331.796,4327.878,4330.429,0.0589,NONE,-0.2998,NEUTRAL,NO_SIGNAL
2026-06-17 09:30:00,4329.668,4328.236,4330.37,0.0493,NONE,-0.2998,NEUTRAL,NO_SIGNAL
2026-06-17 10:00:00,4329.146,4328.418,4330.276,0.0429,NONE,-0.256,NEUTRAL,NO_SIGNAL
2026-06-17 10:30:00,4331.359,4329.006,4330.359,0.0313,NONE,-0.256,NEUTRAL,NO_SIGNAL
2026-06-17 11:00:00,4328.793,4328.963,4330.239,0.0295,NONE,-0.256,NEUTRAL,NO_SIGNAL
2026-06-17 11:30:00,4323.32,4327.835,4329.707,0.0432,NONE,-0.256,NEUTRAL,NO_SIGNAL
2026-06-17 12:00:00,4325.132,4327.294,4329.355,0.0476,NONE,-0.2667,NEUTRAL,NO_SIGNAL
2026-06-17 12:30:00,4333.434,4328.522,4329.668,0.0265,NONE,-0.2667,NEUTRAL,NO_SIGNAL
2026-06-17 13:00:00,4335.462,4329.91,4330.114,0.0047,DEAD,-0.2667,NEUTRAL,M30_DEAD_no_H2
2026-06-17 13:30:00,4339.935,4331.915,4330.87,-0.0241,NONE,-0.2667,NEUTRAL,NO_SIGNAL
2026-06-17 14:00:00,4360.112,4337.554,4333.119,-0.1023,NONE,-0.3374,NEUTRAL,NO_SIGNAL
2026-06-17 14:30:00,4344.631,4338.97,4334.005,-0.1144,NONE,-0.3374,NEUTRAL,NO_SIGNAL
2026-06-17 15:00:00,4355.269,4342.23,4335.64,-0.1518,NONE,-0.3374,NEUTRAL,NO_SIGNAL
2026-06-17 15:30:00,4363.608,4346.505,4337.792,-0.2005,NONE,-0.3374,NEUTRAL,NO_SIGNAL
2026-06-17 16:00:00,4364.989,4350.202,4339.884,-0.2372,NONE,-0.4303,NEUTRAL,NO_SIGNAL
2026-06-17 16:30:00,4359.333,4352.028,4341.38,-0.2447,NONE,-0.4303,NEUTRAL,NO_SIGNAL
2026-06-17 17:00:00,4361.014,4353.825,4342.89,-0.2512,NONE,-0.4303,NEUTRAL,NO_SIGNAL
2026-06-17 17:30:00,4379.986,4359.058,4345.744,-0.3054,NONE,-0.4303,NEUTRAL,NO_SIGNAL
2026-06-17 18:00:00,4292.791,4345.804,4341.67,-0.0951,GOLDEN,-0.0845,NEUTRAL,M30_GOLDEN_no_H2
2026-06-17 18:30:00,4285.985,4333.84,4337.387,0.0818,NONE,-0.0845,NEUTRAL,NO_SIGNAL
2026-06-17 19:00:00,4227.187,4312.51,4328.91,0.3803,NONE,-0.0845,NEUTRAL,NO_SIGNAL
2026-06-17 19:30:00,4235.678,4297.143,4321.738,0.5724,NONE,-0.0845,NEUTRAL,NO_SIGNAL
2026-06-17 20:00:00,4258.061,4289.327,4316.84,0.6414,NONE,0.112,NEUTRAL,NO_SIGNAL
2026-06-17 20:30:00,4257.489,4282.959,4312.275,0.6845,NONE,0.112,NEUTRAL,NO_SIGNAL
2026-06-17 22:00:00,4267.189,4279.805,4308.806,0.6776,NONE,0.1978,NEUTRAL,NO_SIGNAL
2026-06-17 22:30:00,4266.82,4277.208,4305.577,0.6632,NONE,0.1978,NEUTRAL,NO_SIGNAL
2026-06-17 23:00:00,4280.217,4277.81,4303.626,0.6035,NONE,0.1978,NEUTRAL,NO_SIGNAL
2026-06-17 23:30:00,4277.846,4277.817,4301.643,0.557,NONE,0.1978,NEUTRAL,NO_SIGNAL
2026-06-18 00:00:00,4300.397,4282.333,4301.547,0.4487,NONE,0.1431,NEUTRAL,NO_SIGNAL
2026-06-18 00:30:00,4308.528,4287.572,4302.084,0.3385,NONE,0.1431,NEUTRAL,NO_SIGNAL
2026-06-18 01:00:00,4319.075,4293.873,4303.391,0.2217,NONE,0.1431,NEUTRAL,NO_SIGNAL
2026-06-18 01:30:00,4317.957,4298.69,4304.512,0.1354,NONE,0.1431,NEUTRAL,NO_SIGNAL
2026-06-18 02:00:00,4324.209,4303.793,4306.027,0.0519,NONE,0.0962,NEUTRAL,NO_SIGNAL
2026-06-18 02:30:00,4310.965,4305.228,4306.407,0.0274,DEAD,0.0962,NEUTRAL,M30_DEAD_no_H2
2026-06-18 03:00:00,4314.812,4307.145,4307.053,-0.0021,NONE,0.0962,NEUTRAL,NO_SIGNAL
2026-06-18 03:30:00,4319.51,4309.618,4308.011,-0.0373,NONE,0.0962,NEUTRAL,NO_SIGNAL
2026-06-18 04:00:00,4313.726,4310.439,4308.451,-0.0461,NONE,0.0933,NEUTRAL,NO_SIGNAL
2026-06-18 04:30:00,4315.833,4311.518,4309.019,-0.058,NONE,0.0933,NEUTRAL,NO_SIGNAL
2026-06-18 05:00:00,4322.944,4313.803,4310.09,-0.0861,NONE,0.0933,NEUTRAL,NO_SIGNAL
2026-06-18 05:30:00,4307.887,4312.62,4309.921,-0.0626,NONE,0.0933,NEUTRAL,NO_SIGNAL
2026-06-18 06:00:00,4304.883,4311.073,4309.533,-0.0357,NONE,0.1451,NEUTRAL,NO_SIGNAL
2026-06-18 06:30:00,4306.312,4310.12,4309.285,-0.0194,NONE,0.1451,NEUTRAL,NO_SIGNAL
2026-06-18 07:00:00,4307.508,4309.598,4309.149,-0.0104,GOLDEN,0.1451,NEUTRAL,M30_GOLDEN_no_H2
2026-06-18 07:30:00,4288.558,4305.39,4307.565,0.0505,NONE,0.1451,NEUTRAL,NO_SIGNAL
2026-06-18 08:00:00,4284.985,4301.309,4305.828,0.1051,NONE,0.238,NEUTRAL,NO_SIGNAL
2026-06-18 08:30:00,4266.756,4294.398,4302.822,0.1962,NONE,0.238,NEUTRAL,NO_SIGNAL
2026-06-18 09:00:00,4266.161,4288.751,4300.002,0.2623,NONE,0.238,NEUTRAL,NO_SIGNAL
2026-06-18 09:30:00,4268.768,4284.754,4297.6,0.2998,NONE,0.238,NEUTRAL,NO_SIGNAL
2026-06-18 10:00:00,4269.29,4281.661,4295.422,0.3214,NONE,0.3811,NEUTRAL,NO_SIGNAL
2026-06-18 10:30:00,4255.604,4276.45,4292.359,0.372,NONE,0.3811,NEUTRAL,NO_SIGNAL
2026-06-18 11:00:00,4249.156,4270.991,4289.036,0.4225,NONE,0.3811,NEUTRAL,NO_SIGNAL
2026-06-18 11:30:00,4241.759,4265.145,4285.399,0.4749,NONE,0.3811,NEUTRAL,NO_SIGNAL
2026-06-18 12:00:00,4255.296,4263.175,4283.083,0.467,NONE,0.4392,NEUTRAL,NO_SIGNAL
2026-06-18 12:30:00,4246.469,4259.834,4280.267,0.4797,NONE,0.4392,NEUTRAL,NO_SIGNAL
2026-06-18 13:00:00,4263.005,4260.468,4278.939,0.4335,NONE,0.4392,NEUTRAL,NO_SIGNAL
2026-06-18 13:30:00,4256.35,4259.644,4277.201,0.4122,NONE,0.4392,NEUTRAL,NO_SIGNAL
2026-06-18 14:00:00,4244.124,4256.54,4274.657,0.4256,NONE,0.5614,BULL,NO_SIGNAL
2026-06-18 14:30:00,4252.477,4255.728,4272.951,0.4047,NONE,0.5614,BULL,NO_SIGNAL
2026-06-18 15:00:00,4235.817,4251.746,4270.094,0.4316,NONE,0.5614,BULL,NO_SIGNAL
2026-06-18 15:30:00,4226.775,4246.751,4266.762,0.4712,NONE,0.5614,BULL,NO_SIGNAL
2026-06-18 16:00:00,4225.088,4242.419,4263.556,0.4982,NONE,0.6327,BULL,NO_SIGNAL
2026-06-18 16:30:00,4219.239,4237.783,4260.147,0.5277,NONE,0.6327,BULL,NO_SIGNAL
2026-06-18 17:00:00,4225.917,4235.41,4257.514,0.5219,NONE,0.6327,BULL,NO_SIGNAL
2026-06-18 17:30:00,4230.472,4234.422,4255.434,0.4962,NONE,0.6327,BULL,NO_SIGNAL
2026-06-18 18:00:00,4226.412,4232.82,4253.202,0.4815,NONE,0.7157,BULL,NO_SIGNAL
2026-06-18 18:30:00,4218.412,4229.938,4250.526,0.4867,NONE,0.7157,BULL,NO_SIGNAL
2026-06-18 19:00:00,4205.175,4224.986,4247.037,0.5219,NONE,0.7157,BULL,NO_SIGNAL
2026-06-18 19:30:00,4216.825,4223.354,4244.713,0.5057,NONE,0.7157,BULL,NO_SIGNAL
2026-06-18 20:00:00,4218.822,4222.447,4242.721,0.4802,NONE,0.7917,BULL,NO_SIGNAL
2026-06-18 20:30:00,4208.216,4219.601,4240.067,0.485,NONE,0.7917,BULL,NO_SIGNAL
2026-06-18 22:00:00,4204.196,4216.52,4237.308,0.493,NONE,0.8938,BULL,NO_SIGNAL
2026-06-18 22:30:00,4207.589,4214.734,4235.022,0.4814,NONE,0.8938,BULL,NO_SIGNAL
2026-06-18 23:00:00,4197.121,4211.211,4232.106,0.4962,NONE,0.8938,BULL,NO_SIGNAL
2026-06-18 23:30:00,4188.559,4206.681,4228.757,0.5248,NONE,0.8938,BULL,NO_SIGNAL
2026-06-19 00:00:00,4185.197,4202.384,4225.406,0.5478,NONE,0.9672,BULL,NO_SIGNAL
2026-06-19 00:30:00,4190.456,4199.998,4222.717,0.5409,NONE,0.9672,BULL,NO_SIGNAL
2026-06-19 01:00:00,4190.618,4198.122,4220.248,0.527,NONE,0.9672,BULL,NO_SIGNAL
2026-06-19 01:30:00,4184.75,4195.448,4217.518,0.526,NONE,0.9672,BULL,NO_SIGNAL
2026-06-19 02:00:00,4179.3,4192.218,4214.578,0.5334,NONE,1.1002,BULL,NO_SIGNAL
2026-06-19 02:30:00,4176.43,4189.061,4211.643,0.5391,NONE,1.1002,BULL,NO_SIGNAL
2026-06-19 03:00:00,4167.493,4184.747,4208.247,0.5616,NONE,1.1002,BULL,NO_SIGNAL
2026-06-19 03:30:00,4153.332,4178.464,4204.023,0.6117,NONE,1.1002,BULL,NO_SIGNAL
2026-06-19 04:00:00,4146.702,4172.112,4199.614,0.6592,NONE,1.2236,BULL,NO_SIGNAL
2026-06-19 04:30:00,4125.935,4162.876,4193.946,0.7464,NONE,1.2236,BULL,NO_SIGNAL
2026-06-19 05:00:00,4133.506,4157.002,4189.297,0.7769,NONE,1.2236,BULL,NO_SIGNAL
2026-06-19 05:30:00,4139.522,4153.506,4185.468,0.7695,NONE,1.2236,BULL,NO_SIGNAL
2026-06-19 06:00:00,4141.96,4151.197,4182.121,0.7449,NONE,1.2409,BULL,NO_SIGNAL
2026-06-19 06:30:00,4147.761,4150.51,4179.478,0.6979,NONE,1.2409,BULL,NO_SIGNAL
2026-06-19 07:00:00,4152.346,4150.877,4177.391,0.6388,NONE,1.2409,BULL,NO_SIGNAL
2026-06-19 07:30:00,4158.093,4152.32,4175.907,0.568,NONE,1.2409,BULL,NO_SIGNAL
2026-06-19 08:00:00,4175.642,4156.985,4175.886,0.4547,NONE,1.22,BULL,NO_SIGNAL
2026-06-19 08:30:00,4168.92,4159.372,4175.35,0.3842,NONE,1.22,BULL,NO_SIGNAL
2026-06-19 09:00:00,4162.56,4160.009,4174.366,0.3451,NONE,1.22,BULL,NO_SIGNAL
2026-06-19 09:30:00,4162.977,4160.603,4173.49,0.3098,NONE,1.22,BULL,NO_SIGNAL
2026-06-19 10:00:00,4153.64,4159.21,4171.963,0.3066,NONE,1.2176,BULL,NO_SIGNAL
2026-06-19 10:30:00,4149.915,4157.351,4170.267,0.3107,NONE,1.2176,BULL,NO_SIGNAL
2026-06-19 11:00:00,4144.357,4154.752,4168.274,0.3255,NONE,1.2176,BULL,NO_SIGNAL
2026-06-19 11:30:00,4152.435,4154.289,4167.056,0.3073,NONE,1.2176,BULL,NO_SIGNAL
2026-06-19 12:00:00,4151.791,4153.789,4165.882,0.2911,NONE,1.2005,BULL,NO_SIGNAL
2026-06-19 12:30:00,4178.926,4158.817,4166.885,0.194,NONE,1.2005,BULL,NO_SIGNAL
2026-06-19 13:00:00,4164.076,4159.869,4166.669,0.1635,NONE,1.2005,BULL,NO_SIGNAL
2026-06-19 13:30:00,4151.311,4158.157,4165.488,0.1763,NONE,1.2005,BULL,NO_SIGNAL
2026-06-19 14:00:00,4149.336,4156.393,4164.245,0.1889,NONE,1.1706,BULL,NO_SIGNAL
2026-06-19 14:30:00,4149.084,4154.931,4163.079,0.1961,NONE,1.1706,BULL,NO_SIGNAL
2026-06-19 15:00:00,4151.151,4154.175,4162.161,0.1922,NONE,1.1706,BULL,NO_SIGNAL
2026-06-19 15:30:00,4150.933,4153.527,4161.298,0.1871,NONE,1.1706,BULL,NO_SIGNAL
2026-06-19 16:00:00,4147.178,4152.257,4160.212,0.1916,NONE,1.117,BULL,NO_SIGNAL
