trade_key,signal_time,entry_time,dir,mode,stage,entry,stop,stop_distance,exit_time,exit_price,exit_reason,pnl_points
2025.04.13 22:30:00|S|S1,2025-04-13 22:30:00,2025-04-13 22:30:00,S,pre_cross,1,3219.128,3226.528,7.399999999999636,2025-04-14 00:00:00,3226.528,SL hit,-7.399999999999636
2025.04.13 22:30:00|S|S2,2025-04-13 22:30:00,2025-04-13 22:30:00,S,pre_cross,2,3219.128,3226.528,7.399999999999636,2025-04-14 00:00:00,3226.528,trail/SL hit,-7.399999999999636
2025.04.13 22:30:00|S|S3,2025-04-13 22:30:00,2025-04-13 22:30:00,S,pre_cross,3,3219.128,3226.528,7.399999999999636,2025-04-14 00:00:00,3226.528,SL hit,-7.399999999999636
2025.04.15 02:00:00|L|S1,2025-04-15 02:00:00,2025-04-15 02:00:00,L,post_n2,1,3223.705,3214.369,9.335999999999785,2025-04-15 12:00:00,3214.369,SL hit,-9.335999999999785
2025.04.15 02:00:00|L|S2,2025-04-15 02:00:00,2025-04-15 02:00:00,L,post_n2,2,3223.705,3214.369,9.335999999999785,2025-04-15 12:00:00,3214.369,trail/SL hit,-9.335999999999785
2025.04.15 02:00:00|L|S3,2025-04-15 02:00:00,2025-04-15 02:00:00,L,post_n2,3,3223.705,3214.369,9.335999999999785,2025-04-15 12:00:00,3214.369,SL hit,-9.335999999999785
2025.04.15 02:30:00|L|S1,2025-04-15 02:30:00,2025-04-15 02:30:00,L,post_n3,1,3221.024,3214.879,6.144999999999982,2025-04-15 12:00:00,3214.879,SL hit,-6.144999999999982
2025.04.15 02:30:00|L|S2,2025-04-15 02:30:00,2025-04-15 02:30:00,L,post_n3,2,3221.024,3214.879,6.144999999999982,2025-04-15 07:30:00,3219.502876868306,trail/SL hit,-1.521123131693912
2025.04.15 02:30:00|L|S3,2025-04-15 02:30:00,2025-04-15 02:30:00,L,post_n3,3,3221.024,3214.879,6.144999999999982,2025-04-15 12:00:00,3214.879,SL hit,-6.144999999999982
2025.04.15 03:00:00|L|S1,2025-04-15 03:00:00,2025-04-15 03:00:00,L,post_n4,1,3224.32,3215.607,8.713000000000193,2025-04-15 12:00:00,3215.607,SL hit,-8.713000000000193
2025.04.15 03:00:00|L|S2,2025-04-15 03:00:00,2025-04-15 03:00:00,L,post_n4,2,3224.32,3215.607,8.713000000000193,2025-04-15 12:00:00,3215.607,trail/SL hit,-8.713000000000193
2025.04.15 03:00:00|L|S3,2025-04-15 03:00:00,2025-04-15 03:00:00,L,post_n4,3,3224.32,3215.607,8.713000000000193,2025-04-15 12:00:00,3215.607,SL hit,-8.713000000000193
2025.04.15 03:30:00|L|S1,2025-04-15 03:30:00,2025-04-15 03:30:00,L,post_n5,1,3224.044,3216.255,7.78899999999976,2025-04-15 12:00:00,3216.255,SL hit,-7.78899999999976
2025.04.15 03:30:00|L|S2,2025-04-15 03:30:00,2025-04-15 03:30:00,L,post_n5,2,3224.044,3216.255,7.78899999999976,2025-04-15 12:00:00,3216.255,trail/SL hit,-7.78899999999976
2025.04.15 03:30:00|L|S3,2025-04-15 03:30:00,2025-04-15 03:30:00,L,post_n5,3,3224.044,3216.255,7.78899999999976,2025-04-15 12:00:00,3216.255,SL hit,-7.78899999999976
2025.04.15 04:00:00|L|S1,2025-04-15 04:00:00,2025-04-15 04:00:00,L,post_n6,1,3228.345,3217.182,11.163000000000011,2025-04-15 11:30:00,3217.182,SL hit,-11.163000000000011
2025.04.15 04:00:00|L|S2,2025-04-15 04:00:00,2025-04-15 04:00:00,L,post_n6,2,3228.345,3217.182,11.163000000000011,2025-04-15 11:30:00,3217.182,trail/SL hit,-11.163000000000011
2025.04.15 04:00:00|L|S3,2025-04-15 04:00:00,2025-04-15 04:00:00,L,post_n6,3,3228.345,3217.182,11.163000000000011,2025-04-15 11:30:00,3217.182,SL hit,-11.163000000000011
2025.04.20 22:30:00|L|S1,2025-04-20 22:30:00,2025-04-20 22:30:00,L,post_n2,1,3343.531,3320.826,22.704999999999927,2025-04-21 06:00:00,3388.941,2.0R TP,45.409999999999854
2025.04.20 22:30:00|L|S2,2025-04-20 22:30:00,2025-04-20 22:30:00,L,post_n2,2,3343.531,3320.826,22.704999999999927,2025-04-21 22:00:00,3434.3509999999997,4.0R forced,90.81999999999971
2025.04.20 22:30:00|L|S3,2025-04-20 22:30:00,2025-04-20 22:30:00,L,post_n2,3,3343.531,3320.826,22.704999999999927,2025-04-22 12:30:00,3431.593,M30 merged cross,88.0619999999999
2025.04.20 23:00:00|L|S1,2025-04-20 23:00:00,2025-04-20 23:00:00,L,post_n3,1,3345.971,3322.757,23.213999999999942,2025-04-21 06:30:00,3392.399,2.0R TP,46.427999999999884
2025.04.20 23:00:00|L|S2,2025-04-20 23:00:00,2025-04-20 23:00:00,L,post_n3,2,3345.971,3322.757,23.213999999999942,2025-04-21 23:00:00,3438.8269999999998,4.0R forced,92.85599999999977
2025.04.20 23:00:00|L|S3,2025-04-20 23:00:00,2025-04-20 23:00:00,L,post_n3,3,3345.971,3322.757,23.213999999999942,2025-04-22 12:30:00,3431.593,M30 merged cross,85.62199999999984
2025.04.20 23:30:00|L|S1,2025-04-20 23:30:00,2025-04-20 23:30:00,L,post_n4,1,3348.655,3324.75,23.9050000000002,2025-04-21 09:00:00,3396.4650000000006,2.0R TP,47.8100000000004
2025.04.20 23:30:00|L|S2,2025-04-20 23:30:00,2025-04-20 23:30:00,L,post_n4,2,3348.655,3324.75,23.9050000000002,2025-04-22 00:00:00,3417.822166492719,trail/SL hit,69.16716649271893
2025.04.20 23:30:00|L|S3,2025-04-20 23:30:00,2025-04-20 23:30:00,L,post_n4,3,3348.655,3324.75,23.9050000000002,2025-04-22 12:30:00,3431.593,M30 merged cross,82.93799999999965
2025.04.21 00:00:00|L|S1,2025-04-21 00:00:00,2025-04-21 00:00:00,L,post_n5,1,3348.119,3326.544,21.575000000000273,2025-04-21 06:30:00,3391.2690000000007,2.0R TP,43.150000000000546
2025.04.21 00:00:00|L|S2,2025-04-21 00:00:00,2025-04-21 00:00:00,L,post_n5,2,3348.119,3326.544,21.575000000000273,2025-04-21 22:00:00,3434.4190000000012,4.0R forced,86.30000000000109
2025.04.21 00:00:00|L|S3,2025-04-21 00:00:00,2025-04-21 00:00:00,L,post_n5,3,3348.119,3326.544,21.575000000000273,2025-04-22 12:30:00,3431.593,M30 merged cross,83.4739999999997
2025.04.21 00:30:00|L|S1,2025-04-21 00:30:00,2025-04-21 00:30:00,L,post_n6,1,3355.525,3328.774,26.751000000000204,2025-04-21 12:30:00,3409.0270000000005,2.0R TP,53.50200000000041
2025.04.21 00:30:00|L|S2,2025-04-21 00:30:00,2025-04-21 00:30:00,L,post_n6,2,3355.525,3328.774,26.751000000000204,2025-04-22 00:00:00,3417.822166492719,trail/SL hit,62.29716649271904
2025.04.21 00:30:00|L|S3,2025-04-21 00:30:00,2025-04-21 00:30:00,L,post_n6,3,3355.525,3328.774,26.751000000000204,2025-04-22 12:30:00,3431.593,M30 merged cross,76.06799999999976
2025.04.22 09:00:00|S|S1,2025-04-22 09:00:00,2025-04-22 09:00:00,S,pre_cross,1,3444.043,3458.183,14.139999999999873,2025-04-22 09:00:00,3458.183,SL hit,-14.139999999999873
2025.04.22 09:00:00|S|S2,2025-04-22 09:00:00,2025-04-22 09:00:00,S,pre_cross,2,3444.043,3458.183,14.139999999999873,2025-04-22 09:00:00,3458.183,trail/SL hit,-14.139999999999873
2025.04.22 09:00:00|S|S3,2025-04-22 09:00:00,2025-04-22 09:00:00,S,pre_cross,3,3444.043,3458.183,14.139999999999873,2025-04-22 09:00:00,3458.183,SL hit,-14.139999999999873
2025.09.02 16:00:00|L|S1,2025-09-02 16:00:00,2025-09-02 16:00:00,L,post_n5,1,3520.327,3491.575,28.752000000000407,2025-09-03 18:00:00,3577.831000000001,2.0R TP,57.504000000000815
2025.09.02 16:00:00|L|S2,2025-09-02 16:00:00,2025-09-02 16:00:00,L,post_n5,2,3520.327,3491.575,28.752000000000407,2025-09-03 23:00:00,3558.576796462112,trail/SL hit,38.24979646211159
2025.09.02 16:00:00|L|S3,2025-09-02 16:00:00,2025-09-02 16:00:00,L,post_n5,3,3520.327,3491.575,28.752000000000407,2025-09-04 01:30:00,3546.202,M30 merged cross,25.875
2025.09.02 16:30:00|L|S1,2025-09-02 16:30:00,2025-09-02 16:30:00,L,post_n6,1,3524.765,3494.13,30.634999999999764,2025-09-05 12:30:00,3586.0349999999994,2.0R TP,61.26999999999953
2025.09.02 16:30:00|L|S2,2025-09-02 16:30:00,2025-09-02 16:30:00,L,post_n6,2,3524.765,3494.13,30.634999999999764,2025-09-03 23:00:00,3556.642850412354,trail/SL hit,31.87785041235429
2025.09.02 16:30:00|L|S3,2025-09-02 16:30:00,2025-09-02 16:30:00,L,post_n6,3,3524.765,3494.13,30.634999999999764,2025-09-04 01:30:00,3546.202,M30 merged cross,21.437000000000353
2025.10.07 12:00:00|L|S1,2025-10-07 12:00:00,2025-10-07 12:00:00,L,cross,1,3966.955,3958.087,8.867999999999938,2025-10-07 13:00:00,3984.691,2.0R TP,17.735999999999876
2025.10.07 12:00:00|L|S2,2025-10-07 12:00:00,2025-10-07 12:00:00,L,cross,2,3966.955,3958.087,8.867999999999938,2025-10-07 15:30:00,3967.990877905872,trail/SL hit,1.0358779058719847
2025.10.07 12:00:00|L|S3,2025-10-07 12:00:00,2025-10-07 12:00:00,L,cross,3,3966.955,3958.087,8.867999999999938,2025-10-08 22:30:00,4021.407,M30 merged cross,54.452000000000226
2025.10.09 06:00:00|L|S1,2025-10-09 06:00:00,2025-10-09 06:00:00,L,post_n2,1,4039.811,4031.766,8.045000000000073,2025-10-09 06:00:00,4031.766,SL hit,-8.045000000000073
2025.10.09 06:00:00|L|S2,2025-10-09 06:00:00,2025-10-09 06:00:00,L,post_n2,2,4039.811,4031.766,8.045000000000073,2025-10-09 06:00:00,4031.766,trail/SL hit,-8.045000000000073
2025.10.09 06:00:00|L|S3,2025-10-09 06:00:00,2025-10-09 06:00:00,L,post_n2,3,4039.811,4031.766,8.045000000000073,2025-10-09 06:00:00,4031.766,SL hit,-8.045000000000073
2025.10.09 07:00:00|S|S1,2025-10-09 07:00:00,2025-10-09 07:00:00,S,cross,1,4026.1,4031.766,5.666000000000167,2025-10-09 07:00:00,4031.766,SL hit,-5.666000000000167
2025.10.09 07:00:00|S|S2,2025-10-09 07:00:00,2025-10-09 07:00:00,S,cross,2,4026.1,4031.766,5.666000000000167,2025-10-09 07:00:00,4031.766,trail/SL hit,-5.666000000000167
2025.10.09 07:00:00|S|S3,2025-10-09 07:00:00,2025-10-09 07:00:00,S,cross,3,4026.1,4031.766,5.666000000000167,2025-10-09 07:00:00,4031.766,SL hit,-5.666000000000167
2025.10.14 16:00:00|L|S1,2025-10-14 16:00:00,2025-10-14 16:00:00,L,cross,1,4138.03,4127.017,11.01299999999992,2025-10-14 22:00:00,4160.056,2.0R TP,22.02599999999984
2025.10.14 16:00:00|L|S2,2025-10-14 16:00:00,2025-10-14 16:00:00,L,cross,2,4138.03,4127.017,11.01299999999992,2025-10-15 01:00:00,4182.081999999999,4.0R forced,44.05199999999968
2025.10.14 16:00:00|L|S3,2025-10-14 16:00:00,2025-10-14 16:00:00,L,cross,3,4138.03,4127.017,11.01299999999992,2025-10-17 11:30:00,4287.115,M30 merged cross,149.08500000000004
2025.10.15 12:30:00|S|S1,2025-10-15 12:30:00,2025-10-15 12:30:00,S,pre_cross,1,4181.367,4187.343,5.975999999999658,2025-10-15 12:30:00,4187.343,SL hit,-5.975999999999658
2025.10.15 12:30:00|S|S2,2025-10-15 12:30:00,2025-10-15 12:30:00,S,pre_cross,2,4181.367,4187.343,5.975999999999658,2025-10-15 12:30:00,4187.343,trail/SL hit,-5.975999999999658
2025.10.15 12:30:00|S|S3,2025-10-15 12:30:00,2025-10-15 12:30:00,S,pre_cross,3,4181.367,4187.343,5.975999999999658,2025-10-15 12:30:00,4187.343,SL hit,-5.975999999999658
2025.10.17 11:00:00|S|S1,2025-10-17 11:00:00,2025-10-17 11:00:00,S,pre_cross,1,4327.664,4337.777,10.113000000000284,2025-10-17 11:30:00,4307.437999999999,2.0R TP,20.226000000000568
2025.10.17 11:00:00|S|S2,2025-10-17 11:00:00,2025-10-17 11:00:00,S,pre_cross,2,4327.664,4337.777,10.113000000000284,2025-10-17 11:30:00,4287.211999999999,4.0R forced,40.452000000001135
2025.10.17 11:00:00|S|S3,2025-10-17 11:00:00,2025-10-17 11:00:00,S,pre_cross,3,4327.664,4337.777,10.113000000000284,2025-10-20 04:30:00,4266.338,M30 merged cross,61.32600000000002
2025.10.20 12:00:00|L|S1,2025-10-20 12:00:00,2025-10-20 12:00:00,L,post_n4,1,4279.241,4257.259,21.98199999999997,2025-10-20 12:30:00,4323.205,2.0R TP,43.96399999999994
2025.10.20 12:00:00|L|S2,2025-10-20 12:00:00,2025-10-20 12:00:00,L,post_n4,2,4279.241,4257.259,21.98199999999997,2025-10-20 19:00:00,4367.169,4.0R forced,87.92799999999988
2025.10.20 12:00:00|L|S3,2025-10-20 12:00:00,2025-10-20 12:00:00,L,post_n4,3,4279.241,4257.259,21.98199999999997,2025-10-21 05:30:00,4323.315,M30 merged cross,44.073999999999614
2025.10.20 12:30:00|L|S1,2025-10-20 12:30:00,2025-10-20 12:30:00,L,post_n5,1,4293.907,4260.076,33.83100000000013,2025-10-20 18:30:00,4361.569,2.0R TP,67.66200000000026
2025.10.20 12:30:00|L|S2,2025-10-20 12:30:00,2025-10-20 12:30:00,L,post_n5,2,4293.907,4260.076,33.83100000000013,2025-10-21 01:30:00,4342.67483340182,trail/SL hit,48.7678334018201
2025.10.20 12:30:00|L|S3,2025-10-20 12:30:00,2025-10-20 12:30:00,L,post_n5,3,4293.907,4260.076,33.83100000000013,2025-10-21 05:30:00,4323.315,M30 merged cross,29.407999999999447
2025.11.13 14:30:00|S|S1,2025-11-13 14:30:00,2025-11-13 14:30:00,S,pre_cross,1,4211.211,4219.59,8.378999999999905,2025-11-13 14:30:00,4219.59,SL hit,-8.378999999999905
2025.11.13 14:30:00|S|S2,2025-11-13 14:30:00,2025-11-13 14:30:00,S,pre_cross,2,4211.211,4219.59,8.378999999999905,2025-11-13 14:30:00,4219.59,trail/SL hit,-8.378999999999905
2025.11.13 14:30:00|S|S3,2025-11-13 14:30:00,2025-11-13 14:30:00,S,pre_cross,3,4211.211,4219.59,8.378999999999905,2025-11-13 14:30:00,4219.59,SL hit,-8.378999999999905
2025.12.24 03:00:00|S|S1,2025-12-24 03:00:00,2025-12-24 03:00:00,S,pre_cross,1,4477.573,4493.073,15.5,2025-12-24 03:00:00,4493.073,SL hit,-15.5
2025.12.24 03:00:00|S|S2,2025-12-24 03:00:00,2025-12-24 03:00:00,S,pre_cross,2,4477.573,4493.073,15.5,2025-12-24 03:00:00,4493.073,trail/SL hit,-15.5
2025.12.24 03:00:00|S|S3,2025-12-24 03:00:00,2025-12-24 03:00:00,S,pre_cross,3,4477.573,4493.073,15.5,2025-12-24 03:00:00,4493.073,SL hit,-15.5
2026.01.12 21:00:00|S|S1,2026-01-12 21:00:00,2026-01-12 21:00:00,S,pre_cross,1,4593.84,4600.11,6.269999999999527,2026-01-12 23:00:00,4600.11,SL hit,-6.269999999999527
2026.01.12 21:00:00|S|S2,2026-01-12 21:00:00,2026-01-12 21:00:00,S,pre_cross,2,4593.84,4600.11,6.269999999999527,2026-01-12 23:00:00,4600.11,trail/SL hit,-6.269999999999527
2026.01.12 21:00:00|S|S3,2026-01-12 21:00:00,2026-01-12 21:00:00,S,pre_cross,3,4593.84,4600.11,6.269999999999527,2026-01-12 23:00:00,4600.11,SL hit,-6.269999999999527
2026.01.13 16:00:00|L|S1,2026-01-13 16:00:00,2026-01-13 16:00:00,L,post_n6,1,4619.001,4599.211,19.789999999999964,2026-01-13 16:00:00,4599.211,SL hit,-19.789999999999964
2026.01.13 16:00:00|L|S2,2026-01-13 16:00:00,2026-01-13 16:00:00,L,post_n6,2,4619.001,4599.211,19.789999999999964,2026-01-13 16:00:00,4599.211,trail/SL hit,-19.789999999999964
2026.01.13 16:00:00|L|S3,2026-01-13 16:00:00,2026-01-13 16:00:00,L,post_n6,3,4619.001,4599.211,19.789999999999964,2026-01-13 16:00:00,4599.211,SL hit,-19.789999999999964
2026.01.21 15:30:00|S|S1,2026-01-21 15:30:00,2026-01-21 15:30:00,S,pre_cross,1,4831.136,4849.92,18.78399999999965,2026-01-21 15:30:00,4849.92,SL hit,-18.78399999999965
2026.01.21 15:30:00|S|S2,2026-01-21 15:30:00,2026-01-21 15:30:00,S,pre_cross,2,4831.136,4849.92,18.78399999999965,2026-01-21 15:30:00,4849.92,trail/SL hit,-18.78399999999965
2026.01.21 15:30:00|S|S3,2026-01-21 15:30:00,2026-01-21 15:30:00,S,pre_cross,3,4831.136,4849.92,18.78399999999965,2026-01-21 15:30:00,4849.92,SL hit,-18.78399999999965
2026.01.22 08:00:00|L|S1,2026-01-22 08:00:00,2026-01-22 08:00:00,L,post_n2,1,4832.659,4814.448,18.21099999999933,2026-01-22 09:30:00,4814.448,SL hit,-18.21099999999933
2026.01.22 08:00:00|L|S2,2026-01-22 08:00:00,2026-01-22 08:00:00,L,post_n2,2,4832.659,4814.448,18.21099999999933,2026-01-22 09:30:00,4814.448,trail/SL hit,-18.21099999999933
2026.01.22 08:00:00|L|S3,2026-01-22 08:00:00,2026-01-22 08:00:00,L,post_n2,3,4832.659,4814.448,18.21099999999933,2026-01-22 09:30:00,4814.448,SL hit,-18.21099999999933
2026.01.22 08:30:00|L|S1,2026-01-22 08:30:00,2026-01-22 08:30:00,L,post_n3,1,4826.344,4815.365,10.97900000000027,2026-01-22 09:30:00,4815.365,SL hit,-10.97900000000027
2026.01.22 08:30:00|L|S2,2026-01-22 08:30:00,2026-01-22 08:30:00,L,post_n3,2,4826.344,4815.365,10.97900000000027,2026-01-22 09:30:00,4815.365,trail/SL hit,-10.97900000000027
2026.01.22 08:30:00|L|S3,2026-01-22 08:30:00,2026-01-22 08:30:00,L,post_n3,3,4826.344,4815.365,10.97900000000027,2026-01-22 09:30:00,4815.365,SL hit,-10.97900000000027
2026.01.22 09:00:00|L|S1,2026-01-22 09:00:00,2026-01-22 09:00:00,L,post_n4,1,4830.615,4816.548,14.067000000000007,2026-01-22 09:30:00,4816.548,SL hit,-14.067000000000007
2026.01.22 09:00:00|L|S2,2026-01-22 09:00:00,2026-01-22 09:00:00,L,post_n4,2,4830.615,4816.548,14.067000000000007,2026-01-22 09:30:00,4816.548,trail/SL hit,-14.067000000000007
2026.01.22 09:00:00|L|S3,2026-01-22 09:00:00,2026-01-22 09:00:00,L,post_n4,3,4830.615,4816.548,14.067000000000007,2026-01-22 09:30:00,4816.548,SL hit,-14.067000000000007
2026.01.22 09:30:00|L|S1,2026-01-22 09:30:00,2026-01-22 09:30:00,L,post_n5,1,4829.481,4817.545,11.935999999999694,2026-01-22 09:30:00,4817.545,SL hit,-11.935999999999694
2026.01.22 09:30:00|L|S2,2026-01-22 09:30:00,2026-01-22 09:30:00,L,post_n5,2,4829.481,4817.545,11.935999999999694,2026-01-22 09:30:00,4817.545,trail/SL hit,-11.935999999999694
2026.01.22 09:30:00|L|S3,2026-01-22 09:30:00,2026-01-22 09:30:00,L,post_n5,3,4829.481,4817.545,11.935999999999694,2026-01-22 09:30:00,4817.545,SL hit,-11.935999999999694
2026.01.23 08:30:00|S|S1,2026-01-23 08:30:00,2026-01-23 08:30:00,S,pre_cross,1,4913.331,4936.196,22.86499999999978,2026-01-23 12:00:00,4936.196,SL hit,-22.86499999999978
2026.01.23 08:30:00|S|S2,2026-01-23 08:30:00,2026-01-23 08:30:00,S,pre_cross,2,4913.331,4936.196,22.86499999999978,2026-01-23 12:00:00,4936.196,trail/SL hit,-22.86499999999978
2026.01.23 08:30:00|S|S3,2026-01-23 08:30:00,2026-01-23 08:30:00,S,pre_cross,3,4913.331,4936.196,22.86499999999978,2026-01-23 12:00:00,4936.196,SL hit,-22.86499999999978
2026.01.26 19:00:00|S|S1,2026-01-26 19:00:00,2026-01-26 19:00:00,S,pre_cross,1,5069.012,5079.634,10.622000000000298,2026-01-26 19:00:00,5047.767999999999,2.0R TP,21.244000000000597
2026.01.26 19:00:00|S|S2,2026-01-26 19:00:00,2026-01-26 19:00:00,S,pre_cross,2,5069.012,5079.634,10.622000000000298,2026-01-26 19:00:00,5026.5239999999985,4.0R forced,42.48800000000119
2026.01.26 19:00:00|S|S3,2026-01-26 19:00:00,2026-01-26 19:00:00,S,pre_cross,3,5069.012,5079.634,10.622000000000298,2026-01-27 02:30:00,5079.634,SL hit,-10.622000000000298
2026.01.27 04:00:00|L|S1,2026-01-27 04:00:00,2026-01-27 04:00:00,L,cross,1,5076.798,5055.559,21.238999999999578,2026-01-27 14:00:00,5055.559,SL hit,-21.238999999999578
2026.01.27 04:00:00|L|S2,2026-01-27 04:00:00,2026-01-27 04:00:00,L,cross,2,5076.798,5055.559,21.238999999999578,2026-01-27 14:00:00,5055.559,trail/SL hit,-21.238999999999578
2026.01.27 04:00:00|L|S3,2026-01-27 04:00:00,2026-01-27 04:00:00,L,cross,3,5076.798,5055.559,21.238999999999578,2026-01-27 14:00:00,5055.559,SL hit,-21.238999999999578
2026.01.27 04:30:00|L|S1,2026-01-27 04:30:00,2026-01-27 04:30:00,L,post_n2,1,5074.802,5061.652,13.149999999999636,2026-01-27 04:30:00,5061.652,SL hit,-13.149999999999636
2026.01.27 04:30:00|L|S2,2026-01-27 04:30:00,2026-01-27 04:30:00,L,post_n2,2,5074.802,5061.652,13.149999999999636,2026-01-27 04:30:00,5061.652,trail/SL hit,-13.149999999999636
2026.01.27 04:30:00|L|S3,2026-01-27 04:30:00,2026-01-27 04:30:00,L,post_n2,3,5074.802,5061.652,13.149999999999636,2026-01-27 04:30:00,5061.652,SL hit,-13.149999999999636
2026.01.27 05:00:00|L|S1,2026-01-27 05:00:00,2026-01-27 05:00:00,L,post_n3,1,5067.919,5062.142,5.777000000000044,2026-01-27 05:00:00,5062.142,SL hit,-5.777000000000044
2026.01.27 05:00:00|L|S2,2026-01-27 05:00:00,2026-01-27 05:00:00,L,post_n3,2,5067.919,5062.142,5.777000000000044,2026-01-27 05:00:00,5062.142,trail/SL hit,-5.777000000000044
2026.01.27 05:00:00|L|S3,2026-01-27 05:00:00,2026-01-27 05:00:00,L,post_n3,3,5067.919,5062.142,5.777000000000044,2026-01-27 05:00:00,5062.142,SL hit,-5.777000000000044
2026.01.27 06:00:00|L|S1,2026-01-27 06:00:00,2026-01-27 06:00:00,L,post_n5,1,5082.906,5063.904,19.001999999999498,2026-01-27 14:00:00,5063.904,SL hit,-19.001999999999498
2026.01.27 06:00:00|L|S2,2026-01-27 06:00:00,2026-01-27 06:00:00,L,post_n5,2,5082.906,5063.904,19.001999999999498,2026-01-27 14:00:00,5063.904,trail/SL hit,-19.001999999999498
2026.01.27 06:00:00|L|S3,2026-01-27 06:00:00,2026-01-27 06:00:00,L,post_n5,3,5082.906,5063.904,19.001999999999498,2026-01-27 14:00:00,5063.904,SL hit,-19.001999999999498
2026.01.27 06:30:00|L|S1,2026-01-27 06:30:00,2026-01-27 06:30:00,L,post_n6,1,5082.288,5065.31,16.977999999999156,2026-01-27 14:00:00,5065.31,SL hit,-16.977999999999156
2026.01.27 06:30:00|L|S2,2026-01-27 06:30:00,2026-01-27 06:30:00,L,post_n6,2,5082.288,5065.31,16.977999999999156,2026-01-27 14:00:00,5065.31,trail/SL hit,-16.977999999999156
2026.01.27 06:30:00|L|S3,2026-01-27 06:30:00,2026-01-27 06:30:00,L,post_n6,3,5082.288,5065.31,16.977999999999156,2026-01-27 14:00:00,5065.31,SL hit,-16.977999999999156
2026.01.27 16:00:00|L|S1,2026-01-27 16:00:00,2026-01-27 16:00:00,L,cross,1,5091.093,5074.486,16.60699999999997,2026-01-27 20:00:00,5124.307,2.0R TP,33.21399999999994
2026.01.27 16:00:00|L|S2,2026-01-27 16:00:00,2026-01-27 16:00:00,L,cross,2,5091.093,5074.486,16.60699999999997,2026-01-27 20:30:00,5157.521,4.0R forced,66.42799999999988
2026.01.27 16:00:00|L|S3,2026-01-27 16:00:00,2026-01-27 16:00:00,L,cross,3,5091.093,5074.486,16.60699999999997,2026-01-29 15:00:00,5191.366,M30 merged cross,100.27300000000014
2026.01.29 15:00:00|S|S1,2026-01-29 15:00:00,2026-01-29 15:00:00,S,pre_cross,1,5497.334,5509.205,11.871000000000095,2026-01-29 15:00:00,5473.592,2.0R TP,23.74200000000019
2026.01.29 15:00:00|S|S2,2026-01-29 15:00:00,2026-01-29 15:00:00,S,pre_cross,2,5497.334,5509.205,11.871000000000095,2026-01-29 15:00:00,5449.849999999999,4.0R forced,47.48400000000038
2026.01.29 15:00:00|S|S3,2026-01-29 15:00:00,2026-01-29 15:00:00,S,pre_cross,3,5497.334,5509.205,11.871000000000095,2026-02-02 12:30:00,4794.221,M30 merged cross,703.1130000000003
2026.02.02 14:00:00|S|S1,2026-02-02 14:00:00,2026-02-02 14:00:00,S,pre_cross,1,4706.239,4723.982,17.743000000000393,2026-02-02 14:00:00,4723.982,SL hit,-17.743000000000393
2026.02.02 14:00:00|S|S2,2026-02-02 14:00:00,2026-02-02 14:00:00,S,pre_cross,2,4706.239,4723.982,17.743000000000393,2026-02-02 14:00:00,4723.982,trail/SL hit,-17.743000000000393
2026.02.02 14:00:00|S|S3,2026-02-02 14:00:00,2026-02-02 14:00:00,S,pre_cross,3,4706.239,4723.982,17.743000000000393,2026-02-02 14:00:00,4723.982,SL hit,-17.743000000000393
2026.03.20 01:30:00|L|S1,2026-03-20 01:30:00,2026-03-20 01:30:00,L,pre_cross,1,4662.061,4651.748,10.313000000000102,2026-03-20 01:30:00,4682.687,2.0R TP,20.626000000000204
2026.03.20 01:30:00|L|S2,2026-03-20 01:30:00,2026-03-20 01:30:00,L,pre_cross,2,4662.061,4651.748,10.313000000000102,2026-03-20 02:30:00,4703.313,4.0R forced,41.25200000000041
2026.03.20 01:30:00|L|S3,2026-03-20 01:30:00,2026-03-20 01:30:00,L,pre_cross,3,4662.061,4651.748,10.313000000000102,2026-03-20 10:00:00,4651.748,SL hit,-10.313000000000102
2026.03.20 10:00:00|S|S1,2026-03-20 10:00:00,2026-03-20 10:00:00,S,pre_cross,1,4667.394,4687.474,20.079999999999927,2026-03-20 12:00:00,4687.474,SL hit,-20.079999999999927
2026.03.20 10:00:00|S|S2,2026-03-20 10:00:00,2026-03-20 10:00:00,S,pre_cross,2,4667.394,4687.474,20.079999999999927,2026-03-20 12:00:00,4679.615355885636,trail/SL hit,-12.221355885635603
2026.03.20 10:00:00|S|S3,2026-03-20 10:00:00,2026-03-20 10:00:00,S,pre_cross,3,4667.394,4687.474,20.079999999999927,2026-03-20 12:00:00,4687.474,SL hit,-20.079999999999927
2026.03.20 11:30:00|S|S1,2026-03-20 11:30:00,2026-03-20 11:30:00,S,post_n2,1,4665.066,4679.615,14.548999999999978,2026-03-20 12:00:00,4679.615,SL hit,-14.548999999999978
2026.03.20 11:30:00|S|S2,2026-03-20 11:30:00,2026-03-20 11:30:00,S,post_n2,2,4665.066,4679.615,14.548999999999978,2026-03-20 12:00:00,4679.615,trail/SL hit,-14.548999999999978
2026.03.20 11:30:00|S|S3,2026-03-20 11:30:00,2026-03-20 11:30:00,S,post_n2,3,4665.066,4679.615,14.548999999999978,2026-03-20 12:00:00,4679.615,SL hit,-14.548999999999978
2026.03.20 12:00:00|S|S1,2026-03-20 12:00:00,2026-03-20 12:00:00,S,post_n3,1,4671.757,4679.009,7.2520000000004075,2026-03-20 12:00:00,4679.009,SL hit,-7.2520000000004075
2026.03.20 12:00:00|S|S2,2026-03-20 12:00:00,2026-03-20 12:00:00,S,post_n3,2,4671.757,4679.009,7.2520000000004075,2026-03-20 12:00:00,4679.009,trail/SL hit,-7.2520000000004075
2026.03.20 12:00:00|S|S3,2026-03-20 12:00:00,2026-03-20 12:00:00,S,post_n3,3,4671.757,4679.009,7.2520000000004075,2026-03-20 12:00:00,4679.009,SL hit,-7.2520000000004075
2026.03.20 13:30:00|S|S1,2026-03-20 13:30:00,2026-03-20 13:30:00,S,post_n6,1,4659.894,4677.439,17.545000000000073,2026-03-20 13:30:00,4624.804,2.0R TP,35.090000000000146
2026.03.20 13:30:00|S|S2,2026-03-20 13:30:00,2026-03-20 13:30:00,S,post_n6,2,4659.894,4677.439,17.545000000000073,2026-03-20 14:00:00,4589.714,4.0R forced,70.18000000000029
2026.03.20 13:30:00|S|S3,2026-03-20 13:30:00,2026-03-20 13:30:00,S,post_n6,3,4659.894,4677.439,17.545000000000073,2026-03-23 12:30:00,4478.287,M30 merged cross,181.60699999999997
2026.03.24 03:00:00|S|S1,2026-03-24 03:00:00,2026-03-24 03:00:00,S,post_n4,1,4366.253,4387.32,21.067000000000007,2026-03-24 05:00:00,4324.119,2.0R TP,42.134000000000015
2026.03.24 03:00:00|S|S2,2026-03-24 03:00:00,2026-03-24 03:00:00,S,post_n4,2,4366.253,4387.32,21.067000000000007,2026-03-24 05:30:00,4372.655067432786,trail/SL hit,-6.40206743278668
2026.03.24 03:00:00|S|S3,2026-03-24 03:00:00,2026-03-24 03:00:00,S,post_n4,3,4366.253,4387.32,21.067000000000007,2026-03-24 06:00:00,4387.32,SL hit,-21.067000000000007
2026.03.24 03:30:00|S|S1,2026-03-24 03:30:00,2026-03-24 03:30:00,S,post_n5,1,4364.597,4385.578,20.981000000000677,2026-03-24 05:00:00,4322.634999999998,2.0R TP,41.96200000000135
2026.03.24 03:30:00|S|S2,2026-03-24 03:30:00,2026-03-24 03:30:00,S,post_n5,2,4364.597,4385.578,20.981000000000677,2026-03-24 05:30:00,4372.655067432786,trail/SL hit,-8.058067432786629
2026.03.24 03:30:00|S|S3,2026-03-24 03:30:00,2026-03-24 03:30:00,S,post_n5,3,4364.597,4385.578,20.981000000000677,2026-03-24 06:00:00,4385.578,SL hit,-20.981000000000677
2026.03.24 14:00:00|S|S1,2026-03-24 14:00:00,2026-03-24 14:00:00,S,cross,1,4381.455,4397.611,16.15599999999995,2026-03-24 14:00:00,4397.611,SL hit,-16.15599999999995
2026.03.24 14:00:00|S|S2,2026-03-24 14:00:00,2026-03-24 14:00:00,S,cross,2,4381.455,4397.611,16.15599999999995,2026-03-24 14:00:00,4397.611,trail/SL hit,-16.15599999999995
2026.03.24 14:00:00|S|S3,2026-03-24 14:00:00,2026-03-24 14:00:00,S,cross,3,4381.455,4397.611,16.15599999999995,2026-03-24 14:00:00,4397.611,SL hit,-16.15599999999995
2026.03.24 14:30:00|L|S1,2026-03-24 14:30:00,2026-03-24 14:30:00,L,cross,1,4408.874,4392.268,16.605999999999767,2026-03-24 17:00:00,4392.268,SL hit,-16.605999999999767
2026.03.24 14:30:00|L|S2,2026-03-24 14:30:00,2026-03-24 14:30:00,L,cross,2,4408.874,4392.268,16.605999999999767,2026-03-24 17:00:00,4392.268,trail/SL hit,-16.605999999999767
2026.03.24 14:30:00|L|S3,2026-03-24 14:30:00,2026-03-24 14:30:00,L,cross,3,4408.874,4392.268,16.605999999999767,2026-03-24 17:00:00,4392.268,SL hit,-16.605999999999767
2026.03.25 22:30:00|S|S1,2026-03-25 22:30:00,2026-03-25 22:30:00,S,post_n5,1,4511.876,4539.345,27.46900000000005,2026-03-26 01:00:00,4539.345,SL hit,-27.46900000000005
2026.03.25 22:30:00|S|S2,2026-03-25 22:30:00,2026-03-25 22:30:00,S,post_n5,2,4511.876,4539.345,27.46900000000005,2026-03-26 01:00:00,4539.345,trail/SL hit,-27.46900000000005
2026.03.25 22:30:00|S|S3,2026-03-25 22:30:00,2026-03-25 22:30:00,S,post_n5,3,4511.876,4539.345,27.46900000000005,2026-03-26 01:00:00,4539.345,SL hit,-27.46900000000005
2026.03.25 23:00:00|S|S1,2026-03-25 23:00:00,2026-03-25 23:00:00,S,post_n6,1,4517.655,4537.654,19.999000000000706,2026-03-26 00:30:00,4537.654,SL hit,-19.999000000000706
2026.03.25 23:00:00|S|S2,2026-03-25 23:00:00,2026-03-25 23:00:00,S,post_n6,2,4517.655,4537.654,19.999000000000706,2026-03-26 00:30:00,4537.654,trail/SL hit,-19.999000000000706
2026.03.25 23:00:00|S|S3,2026-03-25 23:00:00,2026-03-25 23:00:00,S,post_n6,3,4517.655,4537.654,19.999000000000706,2026-03-26 00:30:00,4537.654,SL hit,-19.999000000000706
2026.03.27 12:00:00|S|S1,2026-03-27 12:00:00,2026-03-27 12:00:00,S,post_n2,1,4419.871,4428.68,8.809000000000196,2026-03-27 12:00:00,4428.68,SL hit,-8.809000000000196
2026.03.27 12:00:00|S|S2,2026-03-27 12:00:00,2026-03-27 12:00:00,S,post_n2,2,4419.871,4428.68,8.809000000000196,2026-03-27 12:00:00,4428.68,trail/SL hit,-8.809000000000196
2026.03.27 12:00:00|S|S3,2026-03-27 12:00:00,2026-03-27 12:00:00,S,post_n2,3,4419.871,4428.68,8.809000000000196,2026-03-27 12:00:00,4428.68,SL hit,-8.809000000000196
2026.03.27 13:30:00|S|S1,2026-03-27 13:30:00,2026-03-27 13:30:00,S,post_n5,1,4422.392,4428.878,6.485999999999876,2026-03-27 13:30:00,4428.878,SL hit,-6.485999999999876
2026.03.27 13:30:00|S|S2,2026-03-27 13:30:00,2026-03-27 13:30:00,S,post_n5,2,4422.392,4428.878,6.485999999999876,2026-03-27 13:30:00,4428.878,trail/SL hit,-6.485999999999876
2026.03.27 13:30:00|S|S3,2026-03-27 13:30:00,2026-03-27 13:30:00,S,post_n5,3,4422.392,4428.878,6.485999999999876,2026-03-27 13:30:00,4428.878,SL hit,-6.485999999999876
2026.03.30 01:30:00|S|S1,2026-03-30 01:30:00,2026-03-30 01:30:00,S,post_n2,1,4448.453,4473.101,24.64799999999923,2026-03-30 01:30:00,4473.101,SL hit,-24.64799999999923
2026.03.30 01:30:00|S|S2,2026-03-30 01:30:00,2026-03-30 01:30:00,S,post_n2,2,4448.453,4473.101,24.64799999999923,2026-03-30 01:30:00,4473.101,trail/SL hit,-24.64799999999923
2026.03.30 01:30:00|S|S3,2026-03-30 01:30:00,2026-03-30 01:30:00,S,post_n2,3,4448.453,4473.101,24.64799999999923,2026-03-30 01:30:00,4473.101,SL hit,-24.64799999999923
2026.05.28 13:00:00|L|S1,2026-05-28 13:00:00,2026-05-28 13:00:00,L,pre_cross,1,4432.019,4398.922,33.09700000000066,2026-05-28 16:00:00,4498.213000000002,2.0R TP,66.19400000000132
2026.05.28 13:00:00|L|S2,2026-05-28 13:00:00,2026-05-28 13:00:00,L,pre_cross,2,4432.019,4398.922,33.09700000000066,2026-05-29 12:30:00,4515.047775934224,trail/SL hit,83.02877593422363
2026.05.28 13:00:00|L|S3,2026-05-28 13:00:00,2026-05-28 13:00:00,L,pre_cross,3,4432.019,4398.922,33.09700000000066,2026-06-01 01:00:00,4528.879,M30 merged cross,96.85999999999967
2026.06.08 11:30:00|L|S1,2026-06-08 11:30:00,2026-06-08 11:30:00,L,pre_cross,1,4325.341,4311.454,13.887000000000626,2026-06-09 13:30:00,4353.115000000002,2.0R TP,27.77400000000125
2026.06.08 11:30:00|L|S2,2026-06-08 11:30:00,2026-06-08 11:30:00,L,pre_cross,2,4325.341,4311.454,13.887000000000626,2026-06-08 14:00:00,4318.359259244431,trail/SL hit,-6.9817407555692625
2026.06.08 11:30:00|L|S3,2026-06-08 11:30:00,2026-06-08 11:30:00,L,pre_cross,3,4325.341,4311.454,13.887000000000626,2026-06-08 23:30:00,4317.619,M30 merged cross,-7.722000000000662
2026.06.19 13:00:00|L|S1,2026-06-19 13:00:00,2026-06-19 13:00:00,L,pre_cross,1,4178.869,4165.882,12.98700000000008,2026-06-19 13:00:00,4165.882,SL hit,-12.98700000000008
2026.06.19 13:00:00|L|S2,2026-06-19 13:00:00,2026-06-19 13:00:00,L,pre_cross,2,4178.869,4165.882,12.98700000000008,2026-06-19 13:00:00,4165.882,trail/SL hit,-12.98700000000008
2026.06.19 13:00:00|L|S3,2026-06-19 13:00:00,2026-06-19 13:00:00,L,pre_cross,3,4178.869,4165.882,12.98700000000008,2026-06-19 13:00:00,4165.882,SL hit,-12.98700000000008
2026.06.22 00:30:00|L|S1,2026-06-22 00:30:00,2026-06-22 00:30:00,L,pre_cross,1,4167.08,4157.384,9.695999999999913,2026-06-22 00:30:00,4186.472,2.0R TP,19.391999999999825
2026.06.22 00:30:00|L|S2,2026-06-22 00:30:00,2026-06-22 00:30:00,L,pre_cross,2,4167.08,4157.384,9.695999999999913,2026-06-22 01:00:00,4205.864,4.0R forced,38.78399999999965
2026.06.22 00:30:00|L|S3,2026-06-22 00:30:00,2026-06-22 00:30:00,L,pre_cross,3,4167.08,4157.384,9.695999999999913,2026-06-22 16:00:00,4182.481,M30 merged cross,15.40099999999984
2026.06.25 13:00:00|L|S1,2026-06-25 13:00:00,2026-06-25 13:00:00,L,pre_cross,1,4012.301,3989.848,22.452999999999975,2026-06-26 02:30:00,3989.848,SL hit,-22.452999999999975
2026.06.25 13:00:00|L|S2,2026-06-25 13:00:00,2026-06-25 13:00:00,L,pre_cross,2,4012.301,3989.848,22.452999999999975,2026-06-26 02:00:00,4007.326,M30 merged cross,-4.974999999999909
2026.06.25 13:00:00|L|S3,2026-06-25 13:00:00,2026-06-25 13:00:00,L,pre_cross,3,4012.301,3989.848,22.452999999999975,2026-06-26 02:00:00,4007.326,M30 merged cross,-4.974999999999909
2026.06.25 13:30:00|L|S1,2026-06-25 13:30:00,2026-06-25 13:30:00,L,cross,1,4021.912,3989.848,32.06399999999985,2026-06-26 02:30:00,3989.848,SL hit,-32.06399999999985
2026.06.25 13:30:00|L|S2,2026-06-25 13:30:00,2026-06-25 13:30:00,L,cross,2,4021.912,3989.848,32.06399999999985,2026-06-26 02:00:00,4007.326,M30 merged cross,-14.585999999999785
2026.06.25 13:30:00|L|S3,2026-06-25 13:30:00,2026-06-25 13:30:00,L,cross,3,4021.912,3989.848,32.06399999999985,2026-06-26 02:00:00,4007.326,M30 merged cross,-14.585999999999785
2026.06.26 04:00:00|S|S1,2026-06-26 04:00:00,2026-06-26 04:00:00,S,post_n4,1,4004.162,4014.72,10.557999999999993,2026-06-26 04:30:00,4014.72,SL hit,-10.557999999999993
2026.06.26 04:00:00|S|S2,2026-06-26 04:00:00,2026-06-26 04:00:00,S,post_n4,2,4004.162,4014.72,10.557999999999993,2026-06-26 04:30:00,4014.72,trail/SL hit,-10.557999999999993
2026.06.26 04:00:00|S|S3,2026-06-26 04:00:00,2026-06-26 04:00:00,S,post_n4,3,4004.162,4014.72,10.557999999999993,2026-06-26 04:30:00,4014.72,SL hit,-10.557999999999993
2026.06.26 04:30:00|S|S1,2026-06-26 04:30:00,2026-06-26 04:30:00,S,post_n5,1,4007.491,4014.168,6.677000000000135,2026-06-26 04:30:00,4014.168,SL hit,-6.677000000000135
2026.06.26 04:30:00|S|S2,2026-06-26 04:30:00,2026-06-26 04:30:00,S,post_n5,2,4007.491,4014.168,6.677000000000135,2026-06-26 04:30:00,4014.168,trail/SL hit,-6.677000000000135
2026.06.26 04:30:00|S|S3,2026-06-26 04:30:00,2026-06-26 04:30:00,S,post_n5,3,4007.491,4014.168,6.677000000000135,2026-06-26 04:30:00,4014.168,SL hit,-6.677000000000135
2026.06.30 06:30:00|L|S1,2026-06-30 06:30:00,2026-06-30 06:30:00,L,pre_cross,1,4011.862,3995.605,16.257000000000062,2026-06-30 14:00:00,4044.376,2.0R TP,32.514000000000124
2026.06.30 06:30:00|L|S2,2026-06-30 06:30:00,2026-06-30 06:30:00,L,pre_cross,2,4011.862,3995.605,16.257000000000062,2026-06-30 12:30:00,4014.6954816520793,trail/SL hit,2.833481652079172
2026.06.30 06:30:00|L|S3,2026-06-30 06:30:00,2026-06-30 06:30:00,L,pre_cross,3,4011.862,3995.605,16.257000000000062,2026-06-30 20:30:00,4007.347,M30 merged cross,-4.514999999999873
2026.06.30 07:30:00|L|S1,2026-06-30 07:30:00,2026-06-30 07:30:00,L,cross,1,4028.73,3995.605,33.125,2026-07-01 00:30:00,3995.605,SL hit,-33.125
2026.06.30 07:30:00|L|S2,2026-06-30 07:30:00,2026-06-30 07:30:00,L,cross,2,4028.73,3995.605,33.125,2026-06-30 20:30:00,4007.347,M30 merged cross,-21.38299999999981
2026.06.30 07:30:00|L|S3,2026-06-30 07:30:00,2026-06-30 07:30:00,L,cross,3,4028.73,3995.605,33.125,2026-06-30 20:30:00,4007.347,M30 merged cross,-21.38299999999981
2026.08.06 14:00:00|L|S1,2026-08-06 14:00:00,2026-08-06 14:00:00,L,cross,1,4267.258,4260.805,6.45299999999952,2026-08-06 14:00:00,4260.805,SL hit,-6.45299999999952
2026.08.06 14:00:00|L|S2,2026-08-06 14:00:00,2026-08-06 14:00:00,L,cross,2,4267.258,4260.805,6.45299999999952,2026-08-06 14:00:00,4260.805,trail/SL hit,-6.45299999999952
2026.08.06 14:00:00|L|S3,2026-08-06 14:00:00,2026-08-06 14:00:00,L,cross,3,4267.258,4260.805,6.45299999999952,2026-08-06 14:00:00,4260.805,SL hit,-6.45299999999952
2026.08.06 15:30:00|S|S1,2026-08-06 15:30:00,2026-08-06 15:30:00,S,pre_cross,1,4254.821,4262.455,7.6340000000000146,2026-08-06 15:30:00,4239.553,2.0R TP,15.268000000000029
2026.08.06 15:30:00|S|S2,2026-08-06 15:30:00,2026-08-06 15:30:00,S,pre_cross,2,4254.821,4262.455,7.6340000000000146,2026-08-06 16:00:00,4224.285,4.0R forced,30.536000000000058
2026.08.06 15:30:00|S|S3,2026-08-06 15:30:00,2026-08-06 15:30:00,S,pre_cross,3,4254.821,4262.455,7.6340000000000146,2026-08-07 02:30:00,4250.393,M30 merged cross,4.427999999999884
2026.08.07 04:00:00|L|S1,2026-08-07 04:00:00,2026-08-07 04:00:00,L,post_n3,1,4265.919,4250.825,15.094000000000051,2026-08-07 06:30:00,4296.107,2.0R TP,30.188000000000102
2026.08.07 04:00:00|L|S2,2026-08-07 04:00:00,2026-08-07 04:00:00,L,post_n3,2,4265.919,4250.825,15.094000000000051,2026-08-07 11:00:00,4326.295,4.0R forced,60.376000000000204
2026.08.07 04:00:00|L|S3,2026-08-07 04:00:00,2026-08-07 04:00:00,L,post_n3,3,4265.919,4250.825,15.094000000000051,2026-08-10 02:30:00,4319.482,M30 merged cross,53.5630000000001
2026.08.07 04:30:00|L|S1,2026-08-07 04:30:00,2026-08-07 04:30:00,L,post_n4,1,4264.762,4251.907,12.854999999999563,2026-08-07 06:00:00,4290.471999999999,2.0R TP,25.709999999999127
2026.08.07 04:30:00|L|S2,2026-08-07 04:30:00,2026-08-07 04:30:00,L,post_n4,2,4264.762,4251.907,12.854999999999563,2026-08-07 08:30:00,4316.181999999998,4.0R forced,51.419999999998254
2026.08.07 04:30:00|L|S3,2026-08-07 04:30:00,2026-08-07 04:30:00,L,post_n4,3,4264.762,4251.907,12.854999999999563,2026-08-10 02:30:00,4319.482,M30 merged cross,54.720000000000255
2026.08.07 05:00:00|L|S1,2026-08-07 05:00:00,2026-08-07 05:00:00,L,post_n5,1,4264.851,4252.892,11.958999999999833,2026-08-07 06:00:00,4288.768999999999,2.0R TP,23.917999999999665
2026.08.07 05:00:00|L|S2,2026-08-07 05:00:00,2026-08-07 05:00:00,L,post_n5,2,4264.851,4252.892,11.958999999999833,2026-08-07 08:30:00,4312.686999999999,4.0R forced,47.83599999999933
2026.08.07 05:00:00|L|S3,2026-08-07 05:00:00,2026-08-07 05:00:00,L,post_n5,3,4264.851,4252.892,11.958999999999833,2026-08-10 02:30:00,4319.482,M30 merged cross,54.63100000000031
2026.08.07 05:30:00|L|S1,2026-08-07 05:30:00,2026-08-07 05:30:00,L,post_n6,1,4266.368,4253.92,12.44800000000032,2026-08-07 06:00:00,4291.264000000001,2.0R TP,24.89600000000064
2026.08.07 05:30:00|L|S2,2026-08-07 05:30:00,2026-08-07 05:30:00,L,post_n6,2,4266.368,4253.92,12.44800000000032,2026-08-07 08:30:00,4316.160000000002,4.0R forced,49.79200000000128
2026.08.07 05:30:00|L|S3,2026-08-07 05:30:00,2026-08-07 05:30:00,L,post_n6,3,4266.368,4253.92,12.44800000000032,2026-08-10 02:30:00,4319.482,M30 merged cross,53.11399999999958
2026.08.12 02:00:00|L|S1,2026-08-12 02:00:00,2026-08-12 02:00:00,L,post_n2,1,4396.228,4379.533,16.69499999999971,2026-08-12 12:30:00,4429.6179999999995,2.0R TP,33.38999999999942
2026.08.12 02:00:00|L|S2,2026-08-12 02:00:00,2026-08-12 02:00:00,L,post_n2,2,4396.228,4379.533,16.69499999999971,2026-08-12 12:30:00,4403.845290961067,trail/SL hit,7.6172909610668285
2026.08.12 02:00:00|L|S3,2026-08-12 02:00:00,2026-08-12 02:00:00,L,post_n2,3,4396.228,4379.533,16.69499999999971,2026-08-12 22:00:00,4399.369,M30 merged cross,3.1409999999996217
2026.08.12 02:30:00|L|S1,2026-08-12 02:30:00,2026-08-12 02:30:00,L,post_n3,1,4402.137,4381.266,20.871000000000095,2026-08-13 00:30:00,4443.879,2.0R TP,41.74200000000019
2026.08.12 02:30:00|L|S2,2026-08-12 02:30:00,2026-08-12 02:30:00,L,post_n3,2,4402.137,4381.266,20.871000000000095,2026-08-12 15:30:00,4411.521939666042,trail/SL hit,9.384939666042555
2026.08.12 02:30:00|L|S3,2026-08-12 02:30:00,2026-08-12 02:30:00,L,post_n3,3,4402.137,4381.266,20.871000000000095,2026-08-12 22:00:00,4399.369,M30 merged cross,-2.768000000000029
2026.08.12 03:00:00|L|S1,2026-08-12 03:00:00,2026-08-12 03:00:00,L,post_n4,1,4411.188,4383.585,27.603000000000065,2026-08-12 12:30:00,4383.585,SL hit,-27.603000000000065
2026.08.12 03:00:00|L|S2,2026-08-12 03:00:00,2026-08-12 03:00:00,L,post_n4,2,4411.188,4383.585,27.603000000000065,2026-08-12 12:30:00,4383.585,trail/SL hit,-27.603000000000065
2026.08.12 03:00:00|L|S3,2026-08-12 03:00:00,2026-08-12 03:00:00,L,post_n4,3,4411.188,4383.585,27.603000000000065,2026-08-12 12:30:00,4383.585,SL hit,-27.603000000000065
2026.08.12 03:30:00|L|S1,2026-08-12 03:30:00,2026-08-12 03:30:00,L,post_n5,1,4407.15,4385.406,21.743999999999687,2026-08-12 05:30:00,4385.406,SL hit,-21.743999999999687
2026.08.12 03:30:00|L|S2,2026-08-12 03:30:00,2026-08-12 03:30:00,L,post_n5,2,4407.15,4385.406,21.743999999999687,2026-08-12 05:30:00,4385.406,trail/SL hit,-21.743999999999687
2026.08.12 03:30:00|L|S3,2026-08-12 03:30:00,2026-08-12 03:30:00,L,post_n5,3,4407.15,4385.406,21.743999999999687,2026-08-12 05:30:00,4385.406,SL hit,-21.743999999999687
2026.08.12 04:00:00|L|S1,2026-08-12 04:00:00,2026-08-12 04:00:00,L,post_n6,1,4402.409,4386.693,15.71599999999944,2026-08-12 05:30:00,4386.693,SL hit,-15.71599999999944
2026.08.12 04:00:00|L|S2,2026-08-12 04:00:00,2026-08-12 04:00:00,L,post_n6,2,4402.409,4386.693,15.71599999999944,2026-08-12 05:30:00,4386.693,trail/SL hit,-15.71599999999944
2026.08.12 04:00:00|L|S3,2026-08-12 04:00:00,2026-08-12 04:00:00,L,post_n6,3,4402.409,4386.693,15.71599999999944,2026-08-12 05:30:00,4386.693,SL hit,-15.71599999999944
2026.08.12 17:00:00|S|S1,2026-08-12 17:00:00,2026-08-12 17:00:00,S,pre_cross,1,4401.457,4413.72,12.26299999999992,2026-08-12 18:30:00,4413.72,SL hit,-12.26299999999992
2026.08.12 17:00:00|S|S2,2026-08-12 17:00:00,2026-08-12 17:00:00,S,pre_cross,2,4401.457,4413.72,12.26299999999992,2026-08-12 18:30:00,4413.72,trail/SL hit,-12.26299999999992
2026.08.12 17:00:00|S|S3,2026-08-12 17:00:00,2026-08-12 17:00:00,S,pre_cross,3,4401.457,4413.72,12.26299999999992,2026-08-12 18:30:00,4413.72,SL hit,-12.26299999999992
2026.08.25 17:00:00|L|S1,2026-08-25 17:00:00,2026-08-25 17:00:00,L,cross,1,4643.621,4635.823,7.7979999999997744,2026-08-25 17:00:00,4635.823,SL hit,-7.7979999999997744
2026.08.25 17:00:00|L|S2,2026-08-25 17:00:00,2026-08-25 17:00:00,L,cross,2,4643.621,4635.823,7.7979999999997744,2026-08-25 17:00:00,4635.823,trail/SL hit,-7.7979999999997744
2026.08.25 17:00:00|L|S3,2026-08-25 17:00:00,2026-08-25 17:00:00,L,cross,3,4643.621,4635.823,7.7979999999997744,2026-08-25 17:00:00,4635.823,SL hit,-7.7979999999997744
2026.08.25 20:00:00|L|S1,2026-08-25 20:00:00,2026-08-25 20:00:00,L,post_n5,1,4667.059,4644.186,22.873000000000502,2026-08-26 00:00:00,4644.186,SL hit,-22.873000000000502
2026.08.25 20:00:00|L|S2,2026-08-25 20:00:00,2026-08-25 20:00:00,L,post_n5,2,4667.059,4644.186,22.873000000000502,2026-08-26 00:00:00,4644.186,trail/SL hit,-22.873000000000502
2026.08.25 20:00:00|L|S3,2026-08-25 20:00:00,2026-08-25 20:00:00,L,post_n5,3,4667.059,4644.186,22.873000000000502,2026-08-26 00:00:00,4644.186,SL hit,-22.873000000000502
2026.08.25 20:30:00|L|S1,2026-08-25 20:30:00,2026-08-25 20:30:00,L,post_n6,1,4662.4,4645.593,16.80699999999979,2026-08-26 00:00:00,4645.593,SL hit,-16.80699999999979
2026.08.25 20:30:00|L|S2,2026-08-25 20:30:00,2026-08-25 20:30:00,L,post_n6,2,4662.4,4645.593,16.80699999999979,2026-08-26 00:00:00,4645.593,trail/SL hit,-16.80699999999979
2026.08.25 20:30:00|L|S3,2026-08-25 20:30:00,2026-08-25 20:30:00,L,post_n6,3,4662.4,4645.593,16.80699999999979,2026-08-26 00:00:00,4645.593,SL hit,-16.80699999999979
